"per_target_trial","benchmark","fuzzer","edges_covered","coverage_increase","fuzzer_rank","initial_coverage","mean_exec_ns","mean_size_bytes","corpus_size","total_shared","total_eq","total_ineq","bin_text_size"
0,"harfbuzz-1.3.2","afl",6636,2395,4,6,14,21,7,5,8,10,7
0,"libjpeg-turbo-07-2017","afl",2024,637,3,15,17,6,14.5,2,1,3,9
0,"libpcap_fuzz_both","afl",2640,1199,3,3,24,1,8,10,9,6,3
0,"libpng-1.2.56","afl",894,142,4,22,10,18,19,6,5,4,1
0,"libxslt_xpath","afl",9076,1220,4,9,22,14,9,1,2,1,11
0,"mbedtls_fuzz_dtlsclient","afl",2743,526,4,7,12,5,9,11,11,9,6
0,"vorbis-2017-12-11","afl",1240,321,4,4,16,3,5.5,8,6,8,4
0,"woff2-2016-05-06","afl",1203,139,4,22,12,3,22,9,10,11,5
0,"zlib_zlib_uncompress_fuzzer","afl",467,65,4,23,21,16,22,4,3,2,2
1,"harfbuzz-1.3.2","afl",6872,1626,3,13,9,5,15,5,8,10,7
1,"libjpeg-turbo-07-2017","afl",1810,608,3,10,4,2,17.5,2,1,3,9
1,"libpcap_fuzz_both","afl",3240,869,3,18,6,13,21,10,9,6,3
1,"libpng-1.2.56","afl",851,370,4,10,23,4,9.5,6,5,4,1
1,"libxslt_xpath","afl",9828,1210,3,12,6,15,13,1,2,1,11
1,"mbedtls_fuzz_dtlsclient","afl",3752,241,4,24,2,11,23,11,11,9,6
1,"vorbis-2017-12-11","afl",1359,111,3,18,20,8,19,8,6,8,4
1,"woff2-2016-05-06","afl",1208,149,4,21,24,14,20,9,10,11,5
1,"zlib_zlib_uncompress_fuzzer","afl",469,114,4,17,20,17,14,4,3,2,2
2,"harfbuzz-1.3.2","afl",6853,1306,4,18,22,20,17,5,8,10,7
2,"libjpeg-turbo-07-2017","afl",1853,579,3,12,8,13,10,2,1,3,9
2,"libpcap_fuzz_both","afl",2984,802,3,15,17,12,12,10,9,6,3
2,"libpng-1.2.56","afl",639,427,4,1,22,8,1,6,5,4,1
2,"libxslt_xpath","afl",9699,978,3,13,17,9,12,1,2,1,11
2,"mbedtls_fuzz_dtlsclient","afl",3261,402,4,10,19,12,11,11,11,9,6
2,"vorbis-2017-12-11","afl",1364,141,2,16,12,21,16,8,6,8,4
2,"woff2-2016-05-06","afl",1156,145,4,18,2,20,21,9,10,11,5
2,"zlib_zlib_uncompress_fuzzer","afl",459,144,4,12,2,8,14,4,3,2,2
3,"harfbuzz-1.3.2","afl",6864,1410,4,17,3,7,18.5,5,8,10,7
3,"libjpeg-turbo-07-2017","afl",1988,475,3,18,2,17,20,2,1,3,9
3,"libpcap_fuzz_both","afl",2997,1075,4,13,10,19,18,10,9,6,3
3,"libpng-1.2.56","afl",854,475,4,3,20,1,4.5,6,5,4,1
3,"libxslt_xpath","afl",10581,490,3,22,13,17,22,1,2,1,11
3,"mbedtls_fuzz_dtlsclient","afl",1455,231,4,1,6,1,1,11,11,9,6
3,"vorbis-2017-12-11","afl",1374,76,2,23,11,18,23,8,6,8,4
3,"woff2-2016-05-06","afl",1198,114,4,23,4,7,23,9,10,11,5
3,"zlib_zlib_uncompress_fuzzer","afl",465,113,4,16,13,7,18.5,4,3,2,2
4,"harfbuzz-1.3.2","afl",7327,1031,3,23,1,13,24,5,8,10,7
4,"libjpeg-turbo-07-2017","afl",2031,234,4,24,7,19,23,2,1,3,9
4,"libpcap_fuzz_both","afl",3414,349,2,23,7,5,20,10,9,6,3
4,"libpng-1.2.56","afl",859,423,4,7,14,10,2.5,6,5,4,1
4,"libxslt_xpath","afl",9403,1140,3,10,7,23,10,1,2,1,11
4,"mbedtls_fuzz_dtlsclient","afl",3415,500,4,13,17,21,13,11,11,9,6
4,"vorbis-2017-12-11","afl",1341,194,2,12,19,9,12.5,8,6,8,4
4,"woff2-2016-05-06","afl",886,379,4,3,19,15,5.5,9,10,11,5
4,"zlib_zlib_uncompress_fuzzer","afl",457,112,4,15,17,20,11,4,3,2,2
5,"harfbuzz-1.3.2","afl",6178,2877,2,3,4,4,3,5,8,10,7
5,"libjpeg-turbo-07-2017","afl",1738,602,4,8,16,18,6.5,2,1,3,9
5,"libpcap_fuzz_both","afl",3414,583,4,22,3,9,24,10,9,6,3
5,"libpng-1.2.56","afl",639,393,4,2,4,2,2.5,6,5,4,1
5,"libxslt_xpath","afl",10018,663,4,17,21,22,16,1,2,1,11
5,"mbedtls_fuzz_dtlsclient","afl",1937,444,4,2,16,22,3,11,11,9,6
5,"vorbis-2017-12-11","afl",1371,68,3,24,7,17,24,8,6,8,4
5,"woff2-2016-05-06","afl",1121,193,3,12,22,13,16,9,10,11,5
5,"zlib_zlib_uncompress_fuzzer","afl",470,35,4,24,6,14,23,4,3,2,2
6,"harfbuzz-1.3.2","afl",7117,1501,4,19,20,8,20,5,8,10,7
6,"libjpeg-turbo-07-2017","afl",1679,747,3,6,23,4,4.5,2,1,3,9
6,"libpcap_fuzz_both","afl",3215,828,4,19,2,14,23,10,9,6,3
6,"libpng-1.2.56","afl",886,163,4,19,8,21,22,6,5,4,1
6,"libxslt_xpath","afl",8439,1825,3,2,9,24,2,1,2,1,11
6,"mbedtls_fuzz_dtlsclient","afl",3594,291,4,19,3,19,21,11,11,9,6
6,"vorbis-2017-12-11","afl",1348,192,2,13,10,15,11,8,6,8,4
6,"woff2-2016-05-06","afl",901,316,4,4,16,5,3,9,10,11,5
6,"zlib_zlib_uncompress_fuzzer","afl",464,134,2,13,11,23,3,4,3,2,2
7,"harfbuzz-1.3.2","afl",7181,1004,3,22,2,16,22,5,8,10,7
7,"libjpeg-turbo-07-2017","afl",1895,538,3,14,19,5,11,2,1,3,9
7,"libpcap_fuzz_both","afl",3129,899,4,17,8,16,19,10,9,6,3
7,"libpng-1.2.56","afl",859,425,4,6,21,24,4.5,6,5,4,1
7,"libxslt_xpath","afl",9902,819,3,15,11,19,14,1,2,1,11
7,"mbedtls_fuzz_dtlsclient","afl",2864,604,4,8,22,23,4,11,11,9,6
7,"vorbis-2017-12-11","afl",1365,116,3,19,18,12,18,8,6,8,4
7,"woff2-2016-05-06","afl",1098,404,3,5,5,4,4,9,10,11,5
7,"zlib_zlib_uncompress_fuzzer","afl",465,155,4,11,14,12,7,4,3,2,2
8,"harfbuzz-1.3.2","afl",5484,3011,3,2,18,1,2,5,8,10,7
8,"libjpeg-turbo-07-2017","afl",1944,786,3,9,20,10,8.5,2,1,3,9
8,"libpcap_fuzz_both","afl",2603,1135,4,4,20,8,6,10,9,6,3
8,"libpng-1.2.56","afl",869,382,4,12,18,9,9.5,6,5,4,1
8,"libxslt_xpath","afl",8696,1958,3,3,4,2,3,1,2,1,11
8,"mbedtls_fuzz_dtlsclient","afl",3659,227,4,21,1,10,24,11,11,9,6
8,"vorbis-2017-12-11","afl",1373,81,3,22,5,19,22,8,6,8,4
8,"woff2-2016-05-06","afl",1135,214,4,11,13,12,10.5,9,10,11,5
8,"zlib_zlib_uncompress_fuzzer","afl",447,223,4,3,10,2,5,4,3,2,2
9,"harfbuzz-1.3.2","afl",6938,1699,4,12,11,18,11,5,8,10,7
9,"libjpeg-turbo-07-2017","afl",1694,797,4,5,3,16,4.5,2,1,3,9
9,"libpcap_fuzz_both","afl",2958,1067,3,11,19,21,10,10,9,6,3
9,"libpng-1.2.56","afl",888,143,4,21,9,13,20.5,6,5,4,1
9,"libxslt_xpath","afl",9879,847,3,14,16,8,15,1,2,1,11
9,"mbedtls_fuzz_dtlsclient","afl",2025,413,4,6,15,2,7,11,11,9,6
9,"vorbis-2017-12-11","afl",1370,125,4,17,13,16,17,8,6,8,4
9,"woff2-2016-05-06","afl",1149,268,3,10,20,24,7,9,10,11,5
9,"zlib_zlib_uncompress_fuzzer","afl",461,98,4,18,19,15,18.5,4,3,2,2
10,"harfbuzz-1.3.2","afl",6526,2040,4,7,24,23,6,5,8,10,7
10,"libjpeg-turbo-07-2017","afl",2014,386,3,21,18,15,22,2,1,3,9
10,"libpcap_fuzz_both","afl",3553,199,1,24,1,10,22,10,9,6,3
10,"libpng-1.2.56","afl",881,97,4,23,5,17,23.5,6,5,4,1
10,"libxslt_xpath","afl",10153,796,3,18,14,16,17,1,2,1,11
10,"mbedtls_fuzz_dtlsclient","afl",3743,291,3,23,5,9,22,11,11,9,6
10,"vorbis-2017-12-11","afl",1363,157,4,15,17,11,14,8,6,8,4
10,"woff2-2016-05-06","afl",1159,225,4,13,1,9,9,9,10,11,5
10,"zlib_zlib_uncompress_fuzzer","afl",452,119,4,14,22,21,9,4,3,2,2
11,"harfbuzz-1.3.2","afl",6839,1560,3,14,23,9,14,5,8,10,7
11,"libjpeg-turbo-07-2017","afl",1988,421,3,19,12,21,17.5,2,1,3,9
11,"libpcap_fuzz_both","afl",2965,1022,3,14,15,7,14,10,9,6,3
11,"libpng-1.2.56","afl",859,337,4,15,16,23,13.5,6,5,4,1
11,"libxslt_xpath","afl",7290,3016,3,1,24,7,1,1,2,1,11
11,"mbedtls_fuzz_dtlsclient","afl",3724,426,3,18,4,15,19.5,11,11,9,6
11,"vorbis-2017-12-11","afl",1165,357,3,3,6,2,3,8,6,8,4
11,"woff2-2016-05-06","afl",1092,224,4,8,15,6,10.5,9,10,11,5
11,"zlib_zlib_uncompress_fuzzer","afl",456,185,4,4,4,13,3,4,3,2,2
12,"harfbuzz-1.3.2","afl",7169,1473,3,21,17,12,21,4,7,9,7
12,"libjpeg-turbo-07-2017","afl",449,449,4,1,24,24,24,11,11,11,11
12,"libpcap_fuzz_both","afl",2239,765,3,5,4,11,2,9,8,5,3
12,"libpng-1.2.56","afl",859,375,4,11,2,15,13.5,5,4,3,1
12,"libxslt_xpath","afl",9430,984,4,11,1,1,11,1,1,1,10
12,"mbedtls_fuzz_dtlsclient","afl",3399,528,4,11,24,18,8,10,10,8,6
12,"vorbis-2017-12-11","afl",1253,275,3,6,9,24,5.5,7,5,7,4
12,"woff2-2016-05-06","afl",1231,99,3,24,23,19,24,8,9,10,5
12,"zlib_zlib_uncompress_fuzzer","afl",458,153,4,9,18,5,12,3,2,2,2
13,"harfbuzz-1.3.2","afl",7121,1497,3,20,5,17,18.5,5,8,10,7
13,"libjpeg-turbo-07-2017","afl",2017,357,3,23,13,20,21,2,1,3,9
13,"libpcap_fuzz_both","afl",3123,900,3,16,13,20,16,10,9,6,3
13,"libpng-1.2.56","afl",867,410,4,8,24,6,6.5,6,5,4,1
13,"libxslt_xpath","afl",8698,1539,4,6,19,5,4.5,1,2,1,11
13,"mbedtls_fuzz_dtlsclient","afl",3335,362,4,14,11,8,14,11,11,9,6
13,"vorbis-2017-12-11","afl",1361,164,2,14,8,22,15,8,6,8,4
13,"woff2-2016-05-06","afl",1145,204,4,15,17,21,14,9,10,11,5
13,"zlib_zlib_uncompress_fuzzer","afl",470,99,4,19,12,18,17,4,3,2,2
14,"harfbuzz-1.3.2","afl",5373,3055,3,1,21,2,1,5,8,10,7
14,"libjpeg-turbo-07-2017","afl",1653,689,4,7,10,9,6.5,2,1,3,9
14,"libpcap_fuzz_both","afl",3083,658,3,20,16,18,15,10,9,6,3
14,"libpng-1.2.56","afl",874,89,4,24,7,20,23.5,6,5,4,1
14,"libxslt_xpath","afl",10363,667,4,21,8,12,21,1,2,1,11
14,"mbedtls_fuzz_dtlsclient","afl",3608,289,4,20,8,20,19.5,11,11,9,6
14,"vorbis-2017-12-11","afl",1342,301,2,8,24,6,8,8,6,8,4
14,"woff2-2016-05-06","afl",1094,290,4,6,7,10,8,9,10,11,5
14,"zlib_zlib_uncompress_fuzzer","afl",459,153,4,10,9,3,16,4,3,2,2
15,"harfbuzz-1.3.2","afl",7044,1972,3,11,12,22,12,4,7,9,6
15,"libjpeg-turbo-07-2017","afl",2010,407,3,20,22,23,12.5,2,1,2,8
15,"libpcap_fuzz_both","afl",2906,1164,3,9,22,22,11,9,8,5,2
15,"libpng-1.2.56","afl",881,143,4,20,3,16,20.5,5,4,3,1
15,"libxslt_xpath","afl",10248,742,3,19,12,10,19,1,2,1,10
15,"mbedtls_fuzz_dtlsclient","afl",3347,450,4,12,20,4,12,10,10,8,5
15,"vorbis-2017-12-11","afl",1370,91,3,21,14,20,21,7,5,7,3
15,"woff2-2016-05-06","afl",1200,144,4,19,11,16,19,8,9,10,4
15,"zlib_zlib_uncompress_fuzzer","afl",435,435,4,1,24,24,24,11,11,11,11
16,"harfbuzz-1.3.2","afl",6883,2133,4,8,13,10,10,5,8,10,7
16,"libjpeg-turbo-07-2017","afl",1993,547,4,16,11,11,14.5,2,1,3,9
16,"libpcap_fuzz_both","afl",2586,887,4,7,23,4,5,10,9,6,3
16,"libpng-1.2.56","afl",859,313,4,16,12,19,17,6,5,4,1
16,"libxslt_xpath","afl",11055,318,3,24,15,11,23,1,2,1,11
16,"mbedtls_fuzz_dtlsclient","afl",2048,454,4,5,23,3,5.5,11,11,9,6
16,"vorbis-2017-12-11","afl",1294,177,2,11,22,7,12.5,8,6,8,4
16,"woff2-2016-05-06","afl",1072,213,4,7,14,8,12,9,10,11,5
16,"zlib_zlib_uncompress_fuzzer","afl",460,74,4,22,5,4,21,4,3,2,2
17,"harfbuzz-1.3.2","afl",6290,2949,3,4,15,3,5,5,8,10,7
17,"libjpeg-turbo-07-2017","afl",1692,823,4,4,6,12,3,2,1,3,9
17,"libpcap_fuzz_both","afl",3093,586,3,21,12,17,17,10,9,6,3
17,"libpng-1.2.56","afl",855,382,4,9,19,3,11,6,5,4,1
17,"libxslt_xpath","afl",10236,678,3,20,20,13,20,1,2,1,11
17,"mbedtls_fuzz_dtlsclient","afl",3507,333,4,16,7,6,17,11,11,9,6
17,"vorbis-2017-12-11","afl",1283,258,3,7,23,1,7,8,6,8,4
17,"woff2-2016-05-06","afl",1148,212,4,14,10,18,15,9,10,11,5
17,"zlib_zlib_uncompress_fuzzer","afl",446,322,4,2,15,1,1,4,3,2,2
18,"harfbuzz-1.3.2","afl",7453,1012,3,24,6,14,23,5,8,10,7
18,"libjpeg-turbo-07-2017","afl",2000,498,4,17,9,7,19,2,1,3,9
18,"libpcap_fuzz_both","afl",2669,842,2,10,11,15,3,10,9,6,3
18,"libpng-1.2.56","afl",858,213,4,18,11,22,18,6,5,4,1
18,"libxslt_xpath","afl",10022,673,3,16,10,21,18,1,2,1,11
18,"mbedtls_fuzz_dtlsclient","afl",3457,349,4,15,10,7,16,11,11,9,6
18,"vorbis-2017-12-11","afl",1192,508,4,2,1,4,1,8,6,8,4
18,"woff2-2016-05-06","afl",1197,140,4,20,9,11,17,9,10,11,5
18,"zlib_zlib_uncompress_fuzzer","afl",461,169,4,7,16,9,9,4,3,2,2
19,"harfbuzz-1.3.2","afl",6968,1559,4,16,7,11,16,5,8,10,7
19,"libjpeg-turbo-07-2017","afl",595,311,4,2,1,1,2,2,1,3,9
19,"libpcap_fuzz_both","afl",2739,1301,3,2,9,23,7,10,9,6,3
19,"libpng-1.2.56","afl",857,462,4,5,6,7,8,6,5,4,1
19,"libxslt_xpath","afl",8848,1809,3,4,2,18,6,1,2,1,11
19,"mbedtls_fuzz_dtlsclient","afl",3229,577,4,9,18,14,10,11,11,9,6
19,"vorbis-2017-12-11","afl",1278,315,2,5,4,14,4,8,6,8,4
19,"woff2-2016-05-06","afl",624,597,4,1,6,1,1.5,9,10,11,5
19,"zlib_zlib_uncompress_fuzzer","afl",468,85,4,21,1,19,14,4,3,2,2
20,"harfbuzz-1.3.2","afl",6829,1514,4,15,10,19,9,5,8,10,7
20,"libjpeg-turbo-07-2017","afl",2024,668,3,13,15,8,12.5,2,1,3,9
20,"libpcap_fuzz_both","afl",2706,809,4,12,21,6,13,10,9,6,3
20,"libpng-1.2.56","afl",863,351,4,14,17,5,13.5,6,5,4,1
20,"libxslt_xpath","afl",9255,1651,4,7,23,6,8,1,2,1,11
20,"mbedtls_fuzz_dtlsclient","afl",1984,407,4,4,21,16,5.5,11,11,9,6
20,"vorbis-2017-12-11","afl",1311,266,2,9,15,5,10,8,6,8,4
20,"woff2-2016-05-06","afl",1172,224,4,16,18,22,13,9,10,11,5
20,"zlib_zlib_uncompress_fuzzer","afl",465,184,4,5,3,11,6,4,3,2,2
21,"harfbuzz-1.3.2","afl",6746,1893,4,9,16,6,8,5,8,10,7
21,"libjpeg-turbo-07-2017","afl",1936,296,3,22,21,22,16,2,1,3,9
21,"libpcap_fuzz_both","afl",2748,1076,3,6,14,24,4,10,9,6,3
21,"libpng-1.2.56","afl",883,309,4,17,1,14,16,6,5,4,1
21,"libxslt_xpath","afl",8822,1777,4,5,3,4,4.5,1,2,1,11
21,"mbedtls_fuzz_dtlsclient","afl",3763,324,4,22,9,17,18,11,11,9,6
21,"vorbis-2017-12-11","afl",1333,249,3,10,3,23,9,8,6,8,4
21,"woff2-2016-05-06","afl",1132,261,4,9,21,23,5.5,9,10,11,5
21,"zlib_zlib_uncompress_fuzzer","afl",442,153,4,6,23,22,3,4,3,2,2
22,"harfbuzz-1.3.2","afl",6852,1920,4,10,8,15,13,5,8,10,7
22,"libjpeg-turbo-07-2017","afl",1911,655,2,11,14,14,8.5,2,1,3,9
22,"libpcap_fuzz_both","afl",2033,2018,4,1,5,2,1,10,9,6,3
22,"libpng-1.2.56","afl",868,364,4,13,15,12,13.5,6,5,4,1
22,"libxslt_xpath","afl",9214,1590,3,8,5,3,7,1,2,1,11
22,"mbedtls_fuzz_dtlsclient","afl",3608,426,4,17,13,13,15,11,11,9,6
22,"vorbis-2017-12-11","afl",1371,114,2,20,21,13,20,8,6,8,4
22,"woff2-2016-05-06","afl",316,156,4,2,3,2,1.5,9,10,11,5
22,"zlib_zlib_uncompress_fuzzer","afl",470,95,3,20,7,10,20,4,3,2,2
23,"harfbuzz-1.3.2","afl",6498,2326,3,5,19,24,4,5,8,10,7
23,"libjpeg-turbo-07-2017","afl",598,310,4,3,5,3,1,2,1,3,9
23,"libpcap_fuzz_both","afl",2744,1011,4,8,18,3,9,10,9,6,3
23,"libpng-1.2.56","afl",851,460,4,4,13,11,6.5,6,5,4,1
23,"libxslt_xpath","afl",11010,334,3,23,18,20,24,1,2,1,11
23,"mbedtls_fuzz_dtlsclient","afl",1966,397,4,3,14,24,2,11,11,9,6
23,"vorbis-2017-12-11","afl",752,159,4,1,2,10,2,8,6,8,4
23,"woff2-2016-05-06","afl",1155,184,4,17,8,17,18,9,10,11,5
23,"zlib_zlib_uncompress_fuzzer","afl",460,158,4,8,8,6,9,4,3,2,2
0,"harfbuzz-1.3.2","libfuzzer",6794,2553,3,6,14,21,7,5,8,10,7
0,"libjpeg-turbo-07-2017","libfuzzer",2020,633,4,15,17,6,14.5,2,1,3,9
0,"libpcap_fuzz_both","libfuzzer",2570,1020,4,6,24,1,8,10,9,6,3
0,"libpng-1.2.56","libfuzzer",907,155,2,22,10,18,19,6,5,4,1
0,"libxslt_xpath","libfuzzer",9328,1525,3,9,22,14,9,1,2,1,11
0,"mbedtls_fuzz_dtlsclient","libfuzzer",3043,826,2,7,12,5,9,11,11,9,6
0,"vorbis-2017-12-11","libfuzzer",1243,324,3,4,16,3,5.5,8,6,8,4
0,"woff2-2016-05-06","libfuzzer",1240,176,1,22,12,3,22,9,10,11,5
0,"zlib_zlib_uncompress_fuzzer","libfuzzer",471,69,1.5,23,21,16,22,4,3,2,2
1,"harfbuzz-1.3.2","libfuzzer",6667,1421,4,13,9,5,15,5,8,10,7
1,"libjpeg-turbo-07-2017","libfuzzer",1779,577,4,10,4,2,17.5,2,1,3,9
1,"libpcap_fuzz_both","libfuzzer",3202,733,4,21,6,13,21,10,9,6,3
1,"libpng-1.2.56","libfuzzer",903,422,2,10,23,4,9.5,6,5,4,1
1,"libxslt_xpath","libfuzzer",9478,860,4,12,6,15,13,1,2,1,11
1,"mbedtls_fuzz_dtlsclient","libfuzzer",3789,278,3,24,2,11,23,11,11,9,6
1,"vorbis-2017-12-11","libfuzzer",1353,105,4,18,20,8,19,8,6,8,4
1,"woff2-2016-05-06","libfuzzer",1226,167,3,21,24,14,20,9,10,11,5
1,"zlib_zlib_uncompress_fuzzer","libfuzzer",472,117,1.5,17,20,17,14,4,3,2,2
2,"harfbuzz-1.3.2","libfuzzer",6949,1402,3,18,22,20,17,5,8,10,7
2,"libjpeg-turbo-07-2017","libfuzzer",1695,421,4,12,8,13,10,2,1,3,9
2,"libpcap_fuzz_both","libfuzzer",2816,829,4,13,17,12,12,10,9,6,3
2,"libpng-1.2.56","libfuzzer",889,677,3,1,22,8,1,6,5,4,1
2,"libxslt_xpath","libfuzzer",9579,858,4,13,17,9,12,1,2,1,11
2,"mbedtls_fuzz_dtlsclient","libfuzzer",3445,586,2,10,19,12,11,11,11,9,6
2,"vorbis-2017-12-11","libfuzzer",1352,129,3,16,12,21,16,8,6,8,4
2,"woff2-2016-05-06","libfuzzer",1194,183,2,18,2,20,21,9,10,11,5
2,"zlib_zlib_uncompress_fuzzer","libfuzzer",462,147,2.5,12,2,8,14,4,3,2,2
3,"harfbuzz-1.3.2","libfuzzer",7181,1727,3,17,3,7,18.5,5,8,10,7
3,"libjpeg-turbo-07-2017","libfuzzer",1861,348,4,18,2,17,20,2,1,3,9
3,"libpcap_fuzz_both","libfuzzer",3007,791,3,17,10,19,18,10,9,6,3
3,"libpng-1.2.56","libfuzzer",894,515,3,3,20,1,4.5,6,5,4,1
3,"libxslt_xpath","libfuzzer",10469,377,4,22,13,17,22,1,2,1,11
3,"mbedtls_fuzz_dtlsclient","libfuzzer",1624,400,2,1,6,1,1,11,11,9,6
3,"vorbis-2017-12-11","libfuzzer",1350,52,4,23,11,18,23,8,6,8,4
3,"woff2-2016-05-06","libfuzzer",1229,145,3,23,4,7,23,9,10,11,5
3,"zlib_zlib_uncompress_fuzzer","libfuzzer",469,117,3,16,13,7,18.5,4,3,2,2
4,"harfbuzz-1.3.2","libfuzzer",6911,615,4,23,1,13,24,5,8,10,7
4,"libjpeg-turbo-07-2017","libfuzzer",2037,240,3,24,7,19,23,2,1,3,9
4,"libpcap_fuzz_both","libfuzzer",3072,755,4,19,7,5,20,10,9,6,3
4,"libpng-1.2.56","libfuzzer",889,453,3,7,14,10,2.5,6,5,4,1
4,"libxslt_xpath","libfuzzer",9088,825,4,10,7,23,10,1,2,1,11
4,"mbedtls_fuzz_dtlsclient","libfuzzer",3528,613,3,13,17,21,13,11,11,9,6
4,"vorbis-2017-12-11","libfuzzer",1327,180,3,12,19,9,12.5,8,6,8,4
4,"woff2-2016-05-06","libfuzzer",905,398,3,3,19,15,5.5,9,10,11,5
4,"zlib_zlib_uncompress_fuzzer","libfuzzer",462,117,2,15,17,20,11,4,3,2,2
5,"harfbuzz-1.3.2","libfuzzer",5536,2235,4,3,4,4,3,5,8,10,7
5,"libjpeg-turbo-07-2017","libfuzzer",1744,608,3,8,16,18,6.5,2,1,3,9
5,"libpcap_fuzz_both","libfuzzer",3415,597,3,24,3,9,24,10,9,6,3
5,"libpng-1.2.56","libfuzzer",916,670,2,2,4,2,2.5,6,5,4,1
5,"libxslt_xpath","libfuzzer",10019,664,3,17,21,22,16,1,2,1,11
5,"mbedtls_fuzz_dtlsclient","libfuzzer",2029,536,3,2,16,22,3,11,11,9,6
5,"vorbis-2017-12-11","libfuzzer",1361,58,4,24,7,17,24,8,6,8,4
5,"woff2-2016-05-06","libfuzzer",1084,156,4,12,22,13,16,9,10,11,5
5,"zlib_zlib_uncompress_fuzzer","libfuzzer",472,37,2,24,6,14,23,4,3,2,2
6,"harfbuzz-1.3.2","libfuzzer",7162,1546,3,19,20,8,20,5,8,10,7
6,"libjpeg-turbo-07-2017","libfuzzer",1162,230,4,6,23,4,4.5,2,1,3,9
6,"libpcap_fuzz_both","libfuzzer",3394,675,2,23,2,14,23,10,9,6,3
6,"libpng-1.2.56","libfuzzer",917,194,2,19,8,21,22,6,5,4,1
6,"libxslt_xpath","libfuzzer",7928,1314,4,2,9,24,2,1,2,1,11
6,"mbedtls_fuzz_dtlsclient","libfuzzer",3666,363,2,19,3,19,21,11,11,9,6
6,"vorbis-2017-12-11","libfuzzer",1340,184,4,13,10,15,11,8,6,8,4
6,"woff2-2016-05-06","libfuzzer",1038,453,2,4,16,5,3,9,10,11,5
6,"zlib_zlib_uncompress_fuzzer","libfuzzer",462,132,4,13,11,23,3,4,3,2,2
7,"harfbuzz-1.3.2","libfuzzer",7147,970,4,22,2,16,22,5,8,10,7
7,"libjpeg-turbo-07-2017","libfuzzer",1873,516,4,14,19,5,11,2,1,3,9
7,"libpcap_fuzz_both","libfuzzer",3162,1057,3,15,8,16,19,10,9,6,3
7,"libpng-1.2.56","libfuzzer",889,455,3,6,21,24,4.5,6,5,4,1
7,"libxslt_xpath","libfuzzer",9753,669,4,15,11,19,14,1,2,1,11
7,"mbedtls_fuzz_dtlsclient","libfuzzer",2962,702,3,8,22,23,4,11,11,9,6
7,"vorbis-2017-12-11","libfuzzer",1359,110,4,19,18,12,18,8,6,8,4
7,"woff2-2016-05-06","libfuzzer",1078,384,4,5,5,4,4,9,10,11,5
7,"zlib_zlib_uncompress_fuzzer","libfuzzer",473,163,1,11,14,12,7,4,3,2,2
8,"harfbuzz-1.3.2","libfuzzer",4659,2186,4,2,18,1,2,5,8,10,7
8,"libjpeg-turbo-07-2017","libfuzzer",1881,723,4,9,20,10,8.5,2,1,3,9
8,"libpcap_fuzz_both","libfuzzer",2779,1306,2,4,20,8,6,10,9,6,3
8,"libpng-1.2.56","libfuzzer",891,404,3,12,18,9,9.5,6,5,4,1
8,"libxslt_xpath","libfuzzer",8039,1301,4,3,4,2,3,1,2,1,11
8,"mbedtls_fuzz_dtlsclient","libfuzzer",3666,234,3,21,1,10,24,11,11,9,6
8,"vorbis-2017-12-11","libfuzzer",1365,73,4,22,5,19,22,8,6,8,4
8,"woff2-2016-05-06","libfuzzer",1207,286,3,11,13,12,10.5,9,10,11,5
8,"zlib_zlib_uncompress_fuzzer","libfuzzer",472,248,1,3,10,2,5,4,3,2,2
9,"harfbuzz-1.3.2","libfuzzer",7143,1904,3,12,11,18,11,5,8,10,7
9,"libjpeg-turbo-07-2017","libfuzzer",1796,899,3,5,3,16,4.5,2,1,3,9
9,"libpcap_fuzz_both","libfuzzer",2892,639,4,18,19,21,10,10,9,6,3
9,"libpng-1.2.56","libfuzzer",914,169,3,21,9,13,20.5,6,5,4,1
9,"libxslt_xpath","libfuzzer",9685,653,4,14,16,8,15,1,2,1,11
9,"mbedtls_fuzz_dtlsclient","libfuzzer",2115,503,3,6,15,2,7,11,11,9,6
9,"vorbis-2017-12-11","libfuzzer",1373,128,3,17,13,16,17,8,6,8,4
9,"woff2-2016-05-06","libfuzzer",1049,168,4,10,20,24,7,9,10,11,5
9,"zlib_zlib_uncompress_fuzzer","libfuzzer",463,100,2,18,19,15,18.5,4,3,2,2
10,"harfbuzz-1.3.2","libfuzzer",6569,2083,3,7,24,23,6,5,8,10,7
10,"libjpeg-turbo-07-2017","libfuzzer",1986,358,4,21,18,15,22,2,1,3,9
10,"libpcap_fuzz_both","libfuzzer",3229,750,4,22,1,10,22,10,9,6,3
10,"libpng-1.2.56","libfuzzer",914,130,1,23,5,17,23.5,6,5,4,1
10,"libxslt_xpath","libfuzzer",10071,714,4,18,14,16,17,1,2,1,11
10,"mbedtls_fuzz_dtlsclient","libfuzzer",3722,270,4,23,5,9,22,11,11,9,6
10,"vorbis-2017-12-11","libfuzzer",1366,160,3,15,17,11,14,8,6,8,4
10,"woff2-2016-05-06","libfuzzer",1222,288,2,13,1,9,9,9,10,11,5
10,"zlib_zlib_uncompress_fuzzer","libfuzzer",463,130,3,14,22,21,9,4,3,2,2
11,"harfbuzz-1.3.2","libfuzzer",6639,1360,4,14,23,9,14,5,8,10,7
11,"libjpeg-turbo-07-2017","libfuzzer",1757,190,4,19,12,21,17.5,2,1,3,9
11,"libpcap_fuzz_both","libfuzzer",2840,816,4,14,15,7,14,10,9,6,3
11,"libpng-1.2.56","libfuzzer",902,380,3,15,16,23,13.5,6,5,4,1
11,"libxslt_xpath","libfuzzer",7261,2987,4,1,24,7,1,1,2,1,11
11,"mbedtls_fuzz_dtlsclient","libfuzzer",3678,380,4,18,4,15,19.5,11,11,9,6
11,"vorbis-2017-12-11","libfuzzer",1154,346,4,3,6,2,3,8,6,8,4
11,"woff2-2016-05-06","libfuzzer",1140,272,3,8,15,6,10.5,9,10,11,5
11,"zlib_zlib_uncompress_fuzzer","libfuzzer",462,191,2.5,4,4,13,3,4,3,2,2
12,"harfbuzz-1.3.2","libfuzzer",7024,1328,4,21,17,12,21,4,7,9,7
12,"libjpeg-turbo-07-2017","libfuzzer",880,880,2,1,24,24,24,11,11,11,11
12,"libpcap_fuzz_both","libfuzzer",2213,1059,4,2,4,11,2,9,8,5,3
12,"libpng-1.2.56","libfuzzer",945,461,2,11,2,15,13.5,5,4,3,1
12,"libxslt_xpath","libfuzzer",9471,1025,3,11,1,1,11,1,1,1,10
12,"mbedtls_fuzz_dtlsclient","libfuzzer",3432,561,3,11,24,18,8,10,10,8,6
12,"vorbis-2017-12-11","libfuzzer",1164,186,4,6,9,24,5.5,7,5,7,4
12,"woff2-2016-05-06","libfuzzer",1202,70,4,24,23,19,24,8,9,10,5
12,"zlib_zlib_uncompress_fuzzer","libfuzzer",472,167,1,9,18,5,12,3,2,2,2
13,"harfbuzz-1.3.2","libfuzzer",6800,1176,4,20,5,17,18.5,5,8,10,7
13,"libjpeg-turbo-07-2017","libfuzzer",1859,199,4,23,13,20,21,2,1,3,9
13,"libpcap_fuzz_both","libfuzzer",2992,1373,4,8,13,20,16,10,9,6,3
13,"libpng-1.2.56","libfuzzer",888,431,3,8,24,6,6.5,6,5,4,1
13,"libxslt_xpath","libfuzzer",8704,1545,3,6,19,5,4.5,1,2,1,11
13,"mbedtls_fuzz_dtlsclient","libfuzzer",3447,474,3,14,11,8,14,11,11,9,6
13,"vorbis-2017-12-11","libfuzzer",1351,154,3,14,8,22,15,8,6,8,4
13,"woff2-2016-05-06","libfuzzer",1165,224,3,15,17,21,14,9,10,11,5
13,"zlib_zlib_uncompress_fuzzer","libfuzzer",473,102,1.5,19,12,18,17,4,3,2,2
14,"harfbuzz-1.3.2","libfuzzer",5245,2927,4,1,21,2,1,5,8,10,7
14,"libjpeg-turbo-07-2017","libfuzzer",1731,767,3,7,10,9,6.5,2,1,3,9
14,"libpcap_fuzz_both","libfuzzer",3076,882,4,16,16,18,15,10,9,6,3
14,"libpng-1.2.56","libfuzzer",889,104,2,24,7,20,23.5,6,5,4,1
14,"libxslt_xpath","libfuzzer",10386,690,3,21,8,12,21,1,2,1,11
14,"mbedtls_fuzz_dtlsclient","libfuzzer",3623,304,3,20,8,20,19.5,11,11,9,6
14,"vorbis-2017-12-11","libfuzzer",1314,273,3,8,24,6,8,8,6,8,4
14,"woff2-2016-05-06","libfuzzer",1189,385,2,6,7,10,8,9,10,11,5
14,"zlib_zlib_uncompress_fuzzer","libfuzzer",471,165,1.5,10,9,3,16,4,3,2,2
15,"harfbuzz-1.3.2","libfuzzer",6475,1403,4,11,12,22,12,4,7,9,6
15,"libjpeg-turbo-07-2017","libfuzzer",1817,214,4,20,22,23,12.5,2,1,2,8
15,"libpcap_fuzz_both","libfuzzer",2663,987,4,12,22,22,11,9,8,5,2
15,"libpng-1.2.56","libfuzzer",904,166,2,20,3,16,20.5,5,4,3,1
15,"libxslt_xpath","libfuzzer",10190,684,4,19,12,10,19,1,2,1,10
15,"mbedtls_fuzz_dtlsclient","libfuzzer",3425,528,3,12,20,4,12,10,10,8,5
15,"vorbis-2017-12-11","libfuzzer",1346,67,4,21,14,20,21,7,5,7,3
15,"woff2-2016-05-06","libfuzzer",1243,187,2,19,11,16,19,8,9,10,4
15,"zlib_zlib_uncompress_fuzzer","libfuzzer",471,471,1.5,1,24,24,24,11,11,11,11
16,"harfbuzz-1.3.2","libfuzzer",7245,2495,3,8,13,10,10,5,8,10,7
16,"libjpeg-turbo-07-2017","libfuzzer",1994,548,3,16,11,11,14.5,2,1,3,9
16,"libpcap_fuzz_both","libfuzzer",2717,1085,3,10,23,4,5,10,9,6,3
16,"libpng-1.2.56","libfuzzer",889,343,3,16,12,19,17,6,5,4,1
16,"libxslt_xpath","libfuzzer",11051,314,4,24,15,11,23,1,2,1,11
16,"mbedtls_fuzz_dtlsclient","libfuzzer",2097,503,3,5,23,3,5.5,11,11,9,6
16,"vorbis-2017-12-11","libfuzzer",1276,159,4,11,22,7,12.5,8,6,8,4
16,"woff2-2016-05-06","libfuzzer",1145,286,3,7,14,8,12,9,10,11,5
16,"zlib_zlib_uncompress_fuzzer","libfuzzer",469,83,3,22,5,4,21,4,3,2,2
17,"harfbuzz-1.3.2","libfuzzer",7197,3856,2,4,15,3,5,5,8,10,7
17,"libjpeg-turbo-07-2017","libfuzzer",1719,850,3,4,6,12,3,2,1,3,9
17,"libpcap_fuzz_both","libfuzzer",3020,569,4,20,12,17,17,10,9,6,3
17,"libpng-1.2.56","libfuzzer",889,416,3,9,19,3,11,6,5,4,1
17,"libxslt_xpath","libfuzzer",10089,531,4,20,20,13,20,1,2,1,11
17,"mbedtls_fuzz_dtlsclient","libfuzzer",3684,510,3,16,7,6,17,11,11,9,6
17,"vorbis-2017-12-11","libfuzzer",1276,251,4,7,23,1,7,8,6,8,4
17,"woff2-2016-05-06","libfuzzer",1190,254,3,14,10,18,15,9,10,11,5
17,"zlib_zlib_uncompress_fuzzer","libfuzzer",463,339,2,2,15,1,1,4,3,2,2
18,"harfbuzz-1.3.2","libfuzzer",7348,907,4,24,6,14,23,5,8,10,7
18,"libjpeg-turbo-07-2017","libfuzzer",2003,501,3,17,9,7,19,2,1,3,9
18,"libpcap_fuzz_both","libfuzzer",2459,1033,4,3,11,15,3,10,9,6,3
18,"libpng-1.2.56","libfuzzer",889,244,3,18,11,22,18,6,5,4,1
18,"libxslt_xpath","libfuzzer",9863,514,4,16,10,21,18,1,2,1,11
18,"mbedtls_fuzz_dtlsclient","libfuzzer",3512,404,3,15,10,7,16,11,11,9,6
18,"vorbis-2017-12-11","libfuzzer",1240,556,2,2,1,4,1,8,6,8,4
18,"woff2-2016-05-06","libfuzzer",1216,159,3,20,9,11,17,9,10,11,5
18,"zlib_zlib_uncompress_fuzzer","libfuzzer",473,181,1.5,7,16,9,9,4,3,2,2
19,"harfbuzz-1.3.2","libfuzzer",7185,1776,3,16,7,11,16,5,8,10,7
19,"libjpeg-turbo-07-2017","libfuzzer",936,652,2,2,1,1,2,2,1,3,9
19,"libpcap_fuzz_both","libfuzzer",2290,753,4,5,9,23,7,10,9,6,3
19,"libpng-1.2.56","libfuzzer",897,502,3,5,6,7,8,6,5,4,1
19,"libxslt_xpath","libfuzzer",8328,1289,4,4,2,18,6,1,2,1,11
19,"mbedtls_fuzz_dtlsclient","libfuzzer",3284,632,3,9,18,14,10,11,11,9,6
19,"vorbis-2017-12-11","libfuzzer",1277,314,3,5,4,14,4,8,6,8,4
19,"woff2-2016-05-06","libfuzzer",905,878,3,1,6,1,1.5,9,10,11,5
19,"zlib_zlib_uncompress_fuzzer","libfuzzer",472,89,1.5,21,1,19,14,4,3,2,2
20,"harfbuzz-1.3.2","libfuzzer",7127,1812,3,15,10,19,9,5,8,10,7
20,"libjpeg-turbo-07-2017","libfuzzer",1909,553,4,13,15,8,12.5,2,1,3,9
20,"libpcap_fuzz_both","libfuzzer",2769,1160,3,7,21,6,13,10,9,6,3
20,"libpng-1.2.56","libfuzzer",891,379,3,14,17,5,13.5,6,5,4,1
20,"libxslt_xpath","libfuzzer",9547,1939,3,7,23,6,8,1,2,1,11
20,"mbedtls_fuzz_dtlsclient","libfuzzer",2048,471,2,4,21,16,5.5,11,11,9,6
20,"vorbis-2017-12-11","libfuzzer",1283,238,4,9,15,5,10,8,6,8,4
20,"woff2-2016-05-06","libfuzzer",1223,275,2.5,16,18,22,13,9,10,11,5
20,"zlib_zlib_uncompress_fuzzer","libfuzzer",471,190,2.5,5,3,11,6,4,3,2,2
21,"harfbuzz-1.3.2","libfuzzer",7163,2310,3,9,16,6,8,5,8,10,7
21,"libjpeg-turbo-07-2017","libfuzzer",1809,169,4,22,21,22,16,2,1,3,9
21,"libpcap_fuzz_both","libfuzzer",2621,998,4,9,14,24,4,10,9,6,3
21,"libpng-1.2.56","libfuzzer",943,369,1,17,1,14,16,6,5,4,1
21,"libxslt_xpath","libfuzzer",9115,2070,2,5,3,4,4.5,1,2,1,11
21,"mbedtls_fuzz_dtlsclient","libfuzzer",3767,328,3,22,9,17,18,11,11,9,6
21,"vorbis-2017-12-11","libfuzzer",1301,217,4,10,3,23,9,8,6,8,4
21,"woff2-2016-05-06","libfuzzer",1192,321,3,9,21,23,5.5,9,10,11,5
21,"zlib_zlib_uncompress_fuzzer","libfuzzer",472,183,1,6,23,22,3,4,3,2,2
22,"harfbuzz-1.3.2","libfuzzer",7260,2328,3,10,8,15,13,5,8,10,7
22,"libjpeg-turbo-07-2017","libfuzzer",1790,534,4,11,14,14,8.5,2,1,3,9
22,"libpcap_fuzz_both","libfuzzer",2164,1456,3,1,5,2,1,10,9,6,3
22,"libpng-1.2.56","libfuzzer",889,385,3,13,15,12,13.5,6,5,4,1
22,"libxslt_xpath","libfuzzer",9075,1451,4,8,5,3,7,1,2,1,11
22,"mbedtls_fuzz_dtlsclient","libfuzzer",3622,440,3,17,13,13,15,11,11,9,6
22,"vorbis-2017-12-11","libfuzzer",1347,90,4,20,21,13,20,8,6,8,4
22,"woff2-2016-05-06","libfuzzer",992,832,2,2,3,2,1.5,9,10,11,5
22,"zlib_zlib_uncompress_fuzzer","libfuzzer",469,94,4,20,7,10,20,4,3,2,2
23,"harfbuzz-1.3.2","libfuzzer",5945,1773,4,5,19,24,4,5,8,10,7
23,"libjpeg-turbo-07-2017","libfuzzer",971,683,2,3,5,3,1,2,1,3,9
23,"libpcap_fuzz_both","libfuzzer",2823,1172,3,11,18,3,9,10,9,6,3
23,"libpng-1.2.56","libfuzzer",889,498,3,4,13,11,6.5,6,5,4,1
23,"libxslt_xpath","libfuzzer",10941,269,4,23,18,20,24,1,2,1,11
23,"mbedtls_fuzz_dtlsclient","libfuzzer",2180,611,2,3,14,24,2,11,11,9,6
23,"vorbis-2017-12-11","libfuzzer",1097,504,1,1,2,10,2,8,6,8,4
23,"woff2-2016-05-06","libfuzzer",1184,213,3,17,8,17,18,9,10,11,5
23,"zlib_zlib_uncompress_fuzzer","libfuzzer",471,169,1,8,8,6,9,4,3,2,2
0,"harfbuzz-1.3.2","aflplusplus",7959,3718,1,6,14,21,7,5,8,10,7
0,"libjpeg-turbo-07-2017","aflplusplus",2087,700,1,15,17,6,14.5,2,1,3,9
0,"libpcap_fuzz_both","aflplusplus",2936,1350,1,7,24,1,8,10,9,6,3
0,"libpng-1.2.56","aflplusplus",899,147,3,22,10,18,19,6,5,4,1
0,"libxslt_xpath","aflplusplus",10830,2974,1,9,22,14,9,1,2,1,11
0,"mbedtls_fuzz_dtlsclient","aflplusplus",2851,634,3,7,12,5,9,11,11,9,6
0,"vorbis-2017-12-11","aflplusplus",1266,347,1,4,16,3,5.5,8,6,8,4
0,"woff2-2016-05-06","aflplusplus",1224,160,3,22,12,3,22,9,10,11,5
0,"zlib_zlib_uncompress_fuzzer","aflplusplus",470,68,3,23,21,16,22,4,3,2,2
1,"harfbuzz-1.3.2","aflplusplus",8007,2761,1,13,9,5,15,5,8,10,7
1,"libjpeg-turbo-07-2017","aflplusplus",1894,692,1,10,4,2,17.5,2,1,3,9
1,"libpcap_fuzz_both","aflplusplus",3637,339,1,24,6,13,21,10,9,6,3
1,"libpng-1.2.56","aflplusplus",917,436,1,10,23,4,9.5,6,5,4,1
1,"libxslt_xpath","aflplusplus",11118,2501,1,12,6,15,13,1,2,1,11
1,"mbedtls_fuzz_dtlsclient","aflplusplus",3822,311,1,24,2,11,23,11,11,9,6
1,"vorbis-2017-12-11","aflplusplus",1378,130,1,18,20,8,19,8,6,8,4
1,"woff2-2016-05-06","aflplusplus",1239,180,2,21,24,14,20,9,10,11,5
1,"zlib_zlib_uncompress_fuzzer","aflplusplus",471,116,3,17,20,17,14,4,3,2,2
2,"harfbuzz-1.3.2","aflplusplus",7653,2106,1,18,22,20,17,5,8,10,7
2,"libjpeg-turbo-07-2017","aflplusplus",1910,636,1,12,8,13,10,2,1,3,9
2,"libpcap_fuzz_both","aflplusplus",3269,998,1,18,17,12,12,10,9,6,3
2,"libpng-1.2.56","aflplusplus",927,715,2,1,22,8,1,6,5,4,1
2,"libxslt_xpath","aflplusplus",11124,2403,1,13,17,9,12,1,2,1,11
2,"mbedtls_fuzz_dtlsclient","aflplusplus",3512,653,1,10,19,12,11,11,11,9,6
2,"vorbis-2017-12-11","aflplusplus",1379,156,1,16,12,21,16,8,6,8,4
2,"woff2-2016-05-06","aflplusplus",1185,174,3,18,2,20,21,9,10,11,5
2,"zlib_zlib_uncompress_fuzzer","aflplusplus",462,147,2.5,12,2,8,14,4,3,2,2
3,"harfbuzz-1.3.2","aflplusplus",8029,2575,1,17,3,7,18.5,5,8,10,7
3,"libjpeg-turbo-07-2017","aflplusplus",2072,559,2,18,2,17,20,2,1,3,9
3,"libpcap_fuzz_both","aflplusplus",3367,1343,1,14,10,19,18,10,9,6,3
3,"libpng-1.2.56","aflplusplus",946,567,1,3,20,1,4.5,6,5,4,1
3,"libxslt_xpath","aflplusplus",11476,1385,1,22,13,17,22,1,2,1,11
3,"mbedtls_fuzz_dtlsclient","aflplusplus",1622,398,3,1,6,1,1,11,11,9,6
3,"vorbis-2017-12-11","aflplusplus",1385,87,1,23,11,18,23,8,6,8,4
3,"woff2-2016-05-06","aflplusplus",1239,155,1,23,4,7,23,9,10,11,5
3,"zlib_zlib_uncompress_fuzzer","aflplusplus",471,119,2,16,13,7,18.5,4,3,2,2
4,"harfbuzz-1.3.2","aflplusplus",7712,1416,1,23,1,13,24,5,8,10,7
4,"libjpeg-turbo-07-2017","aflplusplus",2093,296,1,24,7,19,23,2,1,3,9
4,"libpcap_fuzz_both","aflplusplus",3317,1178,3,15,7,5,20,10,9,6,3
4,"libpng-1.2.56","aflplusplus",921,485,2,7,14,10,2.5,6,5,4,1
4,"libxslt_xpath","aflplusplus",10980,2717,1,10,7,23,10,1,2,1,11
4,"mbedtls_fuzz_dtlsclient","aflplusplus",3609,694,1,13,17,21,13,11,11,9,6
4,"vorbis-2017-12-11","aflplusplus",1355,208,1,12,19,9,12.5,8,6,8,4
4,"woff2-2016-05-06","aflplusplus",1011,504,2,3,19,15,5.5,9,10,11,5
4,"zlib_zlib_uncompress_fuzzer","aflplusplus",461,116,3,15,17,20,11,4,3,2,2
5,"harfbuzz-1.3.2","aflplusplus",7647,4346,1,3,4,4,3,5,8,10,7
5,"libjpeg-turbo-07-2017","aflplusplus",2023,887,1,8,16,18,6.5,2,1,3,9
5,"libpcap_fuzz_both","aflplusplus",3447,630,2,23,3,9,24,10,9,6,3
5,"libpng-1.2.56","aflplusplus",917,671,1,2,4,2,2.5,6,5,4,1
5,"libxslt_xpath","aflplusplus",11282,1927,1,17,21,22,16,1,2,1,11
5,"mbedtls_fuzz_dtlsclient","aflplusplus",2097,604,1,2,16,22,3,11,11,9,6
5,"vorbis-2017-12-11","aflplusplus",1386,83,1,24,7,17,24,8,6,8,4
5,"woff2-2016-05-06","aflplusplus",1207,279,2,12,22,13,16,9,10,11,5
5,"zlib_zlib_uncompress_fuzzer","aflplusplus",472,37,2,24,6,14,23,4,3,2,2
6,"harfbuzz-1.3.2","aflplusplus",8040,2424,1,19,20,8,20,5,8,10,7
6,"libjpeg-turbo-07-2017","aflplusplus",1786,854,2,6,23,4,4.5,2,1,3,9
6,"libpcap_fuzz_both","aflplusplus",3369,888,3,19,2,14,23,10,9,6,3
6,"libpng-1.2.56","aflplusplus",919,196,1,19,8,21,22,6,5,4,1
6,"libxslt_xpath","aflplusplus",10276,3662,1,2,9,24,2,1,2,1,11
6,"mbedtls_fuzz_dtlsclient","aflplusplus",3660,357,3,19,3,19,21,11,11,9,6
6,"vorbis-2017-12-11","aflplusplus",1369,213,1,13,10,15,11,8,6,8,4
6,"woff2-2016-05-06","aflplusplus",1026,441,3,4,16,5,3,9,10,11,5
6,"zlib_zlib_uncompress_fuzzer","aflplusplus",471,141,1,13,11,23,3,4,3,2,2
7,"harfbuzz-1.3.2","aflplusplus",7699,1522,1,22,2,16,22,5,8,10,7
7,"libjpeg-turbo-07-2017","aflplusplus",2049,692,1,14,19,5,11,2,1,3,9
7,"libpcap_fuzz_both","aflplusplus",3297,589,2,22,8,16,19,10,9,6,3
7,"libpng-1.2.56","aflplusplus",910,476,1.5,6,21,24,4.5,6,5,4,1
7,"libxslt_xpath","aflplusplus",11194,2110,1,15,11,19,14,1,2,1,11
7,"mbedtls_fuzz_dtlsclient","aflplusplus",3603,1343,1,8,22,23,4,11,11,9,6
7,"vorbis-2017-12-11","aflplusplus",1379,130,1,19,18,12,18,8,6,8,4
7,"woff2-2016-05-06","aflplusplus",1183,489,2,5,5,4,4,9,10,11,5
7,"zlib_zlib_uncompress_fuzzer","aflplusplus",471,161,2.5,11,14,12,7,4,3,2,2
8,"harfbuzz-1.3.2","aflplusplus",7871,5398,1,2,18,1,2,5,8,10,7
8,"libjpeg-turbo-07-2017","aflplusplus",2024,866,2,9,20,10,8.5,2,1,3,9
8,"libpcap_fuzz_both","aflplusplus",3059,1111,1,11,20,8,6,10,9,6,3
8,"libpng-1.2.56","aflplusplus",895,408,2,12,18,9,9.5,6,5,4,1
8,"libxslt_xpath","aflplusplus",10529,3791,1,3,4,2,3,1,2,1,11
8,"mbedtls_fuzz_dtlsclient","aflplusplus",3737,305,1,21,1,10,24,11,11,9,6
8,"vorbis-2017-12-11","aflplusplus",1384,92,2,22,5,19,22,8,6,8,4
8,"woff2-2016-05-06","aflplusplus",1232,311,2,11,13,12,10.5,9,10,11,5
8,"zlib_zlib_uncompress_fuzzer","aflplusplus",460,236,3,3,10,2,5,4,3,2,2
9,"harfbuzz-1.3.2","aflplusplus",7648,2409,1,12,11,18,11,5,8,10,7
9,"libjpeg-turbo-07-2017","aflplusplus",1846,949,2,5,3,16,4.5,2,1,3,9
9,"libpcap_fuzz_both","aflplusplus",3071,1364,2,8,19,21,10,10,9,6,3
9,"libpng-1.2.56","aflplusplus",930,185,2,21,9,13,20.5,6,5,4,1
9,"libxslt_xpath","aflplusplus",11205,2173,1,14,16,8,15,1,2,1,11
9,"mbedtls_fuzz_dtlsclient","aflplusplus",2406,794,1,6,15,2,7,11,11,9,6
9,"vorbis-2017-12-11","aflplusplus",1378,133,2,17,13,16,17,8,6,8,4
9,"woff2-2016-05-06","aflplusplus",1195,314,2,10,20,24,7,9,10,11,5
9,"zlib_zlib_uncompress_fuzzer","aflplusplus",463,100,2,18,19,15,18.5,4,3,2,2
10,"harfbuzz-1.3.2","aflplusplus",7582,3096,1,7,24,23,6,5,8,10,7
10,"libjpeg-turbo-07-2017","aflplusplus",2091,463,1,21,18,15,22,2,1,3,9
10,"libpcap_fuzz_both","aflplusplus",3399,854,3,20,1,10,22,10,9,6,3
10,"libpng-1.2.56","aflplusplus",884,100,3,23,5,17,23.5,6,5,4,1
10,"libxslt_xpath","aflplusplus",11149,1792,1,18,14,16,17,1,2,1,11
10,"mbedtls_fuzz_dtlsclient","aflplusplus",3825,373,1,23,5,9,22,11,11,9,6
10,"vorbis-2017-12-11","aflplusplus",1381,175,1,15,17,11,14,8,6,8,4
10,"woff2-2016-05-06","aflplusplus",1198,264,3,13,1,9,9,9,10,11,5
10,"zlib_zlib_uncompress_fuzzer","aflplusplus",471,138,1,14,22,21,9,4,3,2,2
11,"harfbuzz-1.3.2","aflplusplus",7627,2348,1,14,23,9,14,5,8,10,7
11,"libjpeg-turbo-07-2017","aflplusplus",2091,524,1,19,12,21,17.5,2,1,3,9
11,"libpcap_fuzz_both","aflplusplus",3149,1195,1,12,15,7,14,10,9,6,3
11,"libpng-1.2.56","aflplusplus",909,387,2,15,16,23,13.5,6,5,4,1
11,"libxslt_xpath","aflplusplus",8437,4163,1,1,24,7,1,1,2,1,11
11,"mbedtls_fuzz_dtlsclient","aflplusplus",3803,505,1,18,4,15,19.5,11,11,9,6
11,"vorbis-2017-12-11","aflplusplus",1290,482,1,3,6,2,3,8,6,8,4
11,"woff2-2016-05-06","aflplusplus",1199,331,1,8,15,6,10.5,9,10,11,5
11,"zlib_zlib_uncompress_fuzzer","aflplusplus",462,191,2.5,4,4,13,3,4,3,2,2
12,"harfbuzz-1.3.2","aflplusplus",7900,2204,1,21,17,12,21,4,7,9,7
12,"libjpeg-turbo-07-2017","aflplusplus",505,505,3,1,24,24,24,11,11,11,11
12,"libpcap_fuzz_both","aflplusplus",2597,1107,1,4,4,11,2,9,8,5,3
12,"libpng-1.2.56","aflplusplus",917,433,3,11,2,15,13.5,5,4,3,1
12,"libxslt_xpath","aflplusplus",10968,2522,1,11,1,1,11,1,1,1,10
12,"mbedtls_fuzz_dtlsclient","aflplusplus",3485,614,2,11,24,18,8,10,10,8,6
12,"vorbis-2017-12-11","aflplusplus",1287,309,2,6,9,24,5.5,7,5,7,4
12,"woff2-2016-05-06","aflplusplus",1240,108,2,24,23,19,24,8,9,10,5
12,"zlib_zlib_uncompress_fuzzer","aflplusplus",462,157,3,9,18,5,12,3,2,2,2
13,"harfbuzz-1.3.2","aflplusplus",7700,2076,1,20,5,17,18.5,5,8,10,7
13,"libjpeg-turbo-07-2017","aflplusplus",2089,429,1,23,13,20,21,2,1,3,9
13,"libpcap_fuzz_both","aflplusplus",3272,1332,1,10,13,20,16,10,9,6,3
13,"libpng-1.2.56","aflplusplus",919,462,2,8,24,6,6.5,6,5,4,1
13,"libxslt_xpath","aflplusplus",10078,2919,1,6,19,5,4.5,1,2,1,11
13,"mbedtls_fuzz_dtlsclient","aflplusplus",3462,489,1,14,11,8,14,11,11,9,6
13,"vorbis-2017-12-11","aflplusplus",1369,172,1,14,8,22,15,8,6,8,4
13,"woff2-2016-05-06","aflplusplus",1198,257,2,15,17,21,14,9,10,11,5
13,"zlib_zlib_uncompress_fuzzer","aflplusplus",472,101,3,19,12,18,17,4,3,2,2
14,"harfbuzz-1.3.2","aflplusplus",7318,5000,1,1,21,2,1,5,8,10,7
14,"libjpeg-turbo-07-2017","aflplusplus",1863,899,1,7,10,9,6.5,2,1,3,9
14,"libpcap_fuzz_both","aflplusplus",3273,674,1,21,16,18,15,10,9,6,3
14,"libpng-1.2.56","aflplusplus",880,95,3,24,7,20,23.5,6,5,4,1
14,"libxslt_xpath","aflplusplus",11460,1764,1,21,8,12,21,1,2,1,11
14,"mbedtls_fuzz_dtlsclient","aflplusplus",3728,409,1,20,8,20,19.5,11,11,9,6
14,"vorbis-2017-12-11","aflplusplus",1356,315,1,8,24,6,8,8,6,8,4
14,"woff2-2016-05-06","aflplusplus",1186,382,3,6,7,10,8,9,10,11,5
14,"zlib_zlib_uncompress_fuzzer","aflplusplus",461,155,3,10,9,3,16,4,3,2,2
15,"harfbuzz-1.3.2","aflplusplus",7983,2911,1,11,12,22,12,4,7,9,6
15,"libjpeg-turbo-07-2017","aflplusplus",2086,483,1,20,22,23,12.5,2,1,2,8
15,"libpcap_fuzz_both","aflplusplus",3167,938,1,17,22,22,11,9,8,5,2
15,"libpng-1.2.56","aflplusplus",918,180,1,20,3,16,20.5,5,4,3,1
15,"libxslt_xpath","aflplusplus",11354,1848,1,19,12,10,19,1,2,1,10
15,"mbedtls_fuzz_dtlsclient","aflplusplus",3480,583,1,12,20,4,12,10,10,8,5
15,"vorbis-2017-12-11","aflplusplus",1387,108,1,21,14,20,21,7,5,7,3
15,"woff2-2016-05-06","aflplusplus",1231,175,3,19,11,16,19,8,9,10,4
15,"zlib_zlib_uncompress_fuzzer","aflplusplus",457,457,3,1,24,24,24,11,11,11,11
16,"harfbuzz-1.3.2","aflplusplus",7683,2933,1,8,13,10,10,5,8,10,7
16,"libjpeg-turbo-07-2017","aflplusplus",2049,603,2,16,11,11,14.5,2,1,3,9
16,"libpcap_fuzz_both","aflplusplus",2906,1519,2,3,23,4,5,10,9,6,3
16,"libpng-1.2.56","aflplusplus",913,367,1,16,12,19,17,6,5,4,1
16,"libxslt_xpath","aflplusplus",11637,900,1,24,15,11,23,1,2,1,11
16,"mbedtls_fuzz_dtlsclient","aflplusplus",2335,741,1,5,23,3,5.5,11,11,9,6
16,"vorbis-2017-12-11","aflplusplus",1324,207,1,11,22,7,12.5,8,6,8,4
16,"woff2-2016-05-06","aflplusplus",1184,325,2,7,14,8,12,9,10,11,5
16,"zlib_zlib_uncompress_fuzzer","aflplusplus",471,85,2,22,5,4,21,4,3,2,2
17,"harfbuzz-1.3.2","aflplusplus",7467,4126,1,4,15,3,5,5,8,10,7
17,"libjpeg-turbo-07-2017","aflplusplus",1845,976,2,4,6,12,3,2,1,3,9
17,"libpcap_fuzz_both","aflplusplus",3133,945,2,16,12,17,17,10,9,6,3
17,"libpng-1.2.56","aflplusplus",915,442,2,9,19,3,11,6,5,4,1
17,"libxslt_xpath","aflplusplus",11262,1704,1,20,20,13,20,1,2,1,11
17,"mbedtls_fuzz_dtlsclient","aflplusplus",3691,517,1.5,16,7,6,17,11,11,9,6
17,"vorbis-2017-12-11","aflplusplus",1335,310,1,7,23,1,7,8,6,8,4
17,"woff2-2016-05-06","aflplusplus",1212,276,1,14,10,18,15,9,10,11,5
17,"zlib_zlib_uncompress_fuzzer","aflplusplus",462,338,3,2,15,1,1,4,3,2,2
18,"harfbuzz-1.3.2","aflplusplus",8008,1567,1,24,6,14,23,5,8,10,7
18,"libjpeg-turbo-07-2017","aflplusplus",2061,559,2,17,9,7,19,2,1,3,9
18,"libpcap_fuzz_both","aflplusplus",2714,1175,1,5,11,15,3,10,9,6,3
18,"libpng-1.2.56","aflplusplus",918,273,1,18,11,22,18,6,5,4,1
18,"libxslt_xpath","aflplusplus",11233,1884,1,16,10,21,18,1,2,1,11
18,"mbedtls_fuzz_dtlsclient","aflplusplus",3667,559,1,15,10,7,16,11,11,9,6
18,"vorbis-2017-12-11","aflplusplus",1212,528,3,2,1,4,1,8,6,8,4
18,"woff2-2016-05-06","aflplusplus",1237,180,2,20,9,11,17,9,10,11,5
18,"zlib_zlib_uncompress_fuzzer","aflplusplus",472,180,3,7,16,9,9,4,3,2,2
19,"harfbuzz-1.3.2","aflplusplus",7666,2257,1,16,7,11,16,5,8,10,7
19,"libjpeg-turbo-07-2017","aflplusplus",640,356,3,2,1,1,2,2,1,3,9
19,"libpcap_fuzz_both","aflplusplus",3039,1045,1,13,9,23,7,10,9,6,3
19,"libpng-1.2.56","aflplusplus",917,522,1,5,6,7,8,6,5,4,1
19,"libxslt_xpath","aflplusplus",10594,3555,1,4,2,18,6,1,2,1,11
19,"mbedtls_fuzz_dtlsclient","aflplusplus",3447,795,1,9,18,14,10,11,11,9,6
19,"vorbis-2017-12-11","aflplusplus",1298,335,1,5,4,14,4,8,6,8,4
19,"woff2-2016-05-06","aflplusplus",1005,978,2,1,6,1,1.5,9,10,11,5
19,"zlib_zlib_uncompress_fuzzer","aflplusplus",470,87,3,21,1,19,14,4,3,2,2
20,"harfbuzz-1.3.2","aflplusplus",7666,2351,1,15,10,19,9,5,8,10,7
20,"libjpeg-turbo-07-2017","aflplusplus",2081,725,1,13,15,8,12.5,2,1,3,9
20,"libpcap_fuzz_both","aflplusplus",3090,1357,2,9,21,6,13,10,9,6,3
20,"libpng-1.2.56","aflplusplus",912,400,2,14,17,5,13.5,6,5,4,1
20,"libxslt_xpath","aflplusplus",10763,3155,1,7,23,6,8,1,2,1,11
20,"mbedtls_fuzz_dtlsclient","aflplusplus",2280,703,1,4,21,16,5.5,11,11,9,6
20,"vorbis-2017-12-11","aflplusplus",1329,284,1,9,15,5,10,8,6,8,4
20,"woff2-2016-05-06","aflplusplus",1223,275,2.5,16,18,22,13,9,10,11,5
20,"zlib_zlib_uncompress_fuzzer","aflplusplus",471,190,2.5,5,3,11,6,4,3,2,2
21,"harfbuzz-1.3.2","aflplusplus",7803,2950,1,9,16,6,8,5,8,10,7
21,"libjpeg-turbo-07-2017","aflplusplus",2055,415,1,22,21,22,16,2,1,3,9
21,"libpcap_fuzz_both","aflplusplus",2988,1420,1,6,14,24,4,10,9,6,3
21,"libpng-1.2.56","aflplusplus",907,333,2,17,1,14,16,6,5,4,1
21,"libxslt_xpath","aflplusplus",10401,3356,1,5,3,4,4.5,1,2,1,11
21,"mbedtls_fuzz_dtlsclient","aflplusplus",3841,402,1,22,9,17,18,11,11,9,6
21,"vorbis-2017-12-11","aflplusplus",1366,282,1,10,3,23,9,8,6,8,4
21,"woff2-2016-05-06","aflplusplus",1203,332,2,9,21,23,5.5,9,10,11,5
21,"zlib_zlib_uncompress_fuzzer","aflplusplus",463,174,2.5,6,23,22,3,4,3,2,2
22,"harfbuzz-1.3.2","aflplusplus",7665,2733,1,10,8,15,13,5,8,10,7
22,"libjpeg-turbo-07-2017","aflplusplus",1930,674,1,11,14,14,8.5,2,1,3,9
22,"libpcap_fuzz_both","aflplusplus",2287,1071,1,1,5,2,1,10,9,6,3
22,"libpng-1.2.56","aflplusplus",928,424,1,13,15,12,13.5,6,5,4,1
22,"libxslt_xpath","aflplusplus",10893,3269,1,8,5,3,7,1,2,1,11
22,"mbedtls_fuzz_dtlsclient","aflplusplus",3715,533,2,17,13,13,15,11,11,9,6
22,"vorbis-2017-12-11","aflplusplus",1381,124,1,20,21,13,20,8,6,8,4
22,"woff2-2016-05-06","aflplusplus",388,228,3,2,3,2,1.5,9,10,11,5
22,"zlib_zlib_uncompress_fuzzer","aflplusplus",471,96,2,20,7,10,20,4,3,2,2
23,"harfbuzz-1.3.2","aflplusplus",7621,3449,1,5,19,24,4,5,8,10,7
23,"libjpeg-turbo-07-2017","aflplusplus",931,643,3,3,5,3,1,2,1,3,9
23,"libpcap_fuzz_both","aflplusplus",3163,1794,1,2,18,3,9,10,9,6,3
23,"libpng-1.2.56","aflplusplus",904,513,2,4,13,11,6.5,6,5,4,1
23,"libxslt_xpath","aflplusplus",11635,951,1,23,18,20,24,1,2,1,11
23,"mbedtls_fuzz_dtlsclient","aflplusplus",2258,689,1,3,14,24,2,11,11,9,6
23,"vorbis-2017-12-11","aflplusplus",1093,500,2,1,2,10,2,8,6,8,4
23,"woff2-2016-05-06","aflplusplus",1214,243,2,17,8,17,18,9,10,11,5
23,"zlib_zlib_uncompress_fuzzer","aflplusplus",462,160,3,8,8,6,9,4,3,2,2
0,"harfbuzz-1.3.2","entropic",7240,2999,2,6,14,21,7,5,8,10,7
0,"libjpeg-turbo-07-2017","entropic",2068,681,2,15,17,6,14.5,2,1,3,9
0,"libpcap_fuzz_both","entropic",2774,1270,2,5,24,1,8,10,9,6,3
0,"libpng-1.2.56","entropic",944,192,1,22,10,18,19,6,5,4,1
0,"libxslt_xpath","entropic",10213,2360,2,9,22,14,9,1,2,1,11
0,"mbedtls_fuzz_dtlsclient","entropic",3052,835,1,7,12,5,9,11,11,9,6
0,"vorbis-2017-12-11","entropic",1245,326,2,4,16,3,5.5,8,6,8,4
0,"woff2-2016-05-06","entropic",1232,168,2,22,12,3,22,9,10,11,5
0,"zlib_zlib_uncompress_fuzzer","entropic",471,69,1.5,23,21,16,22,4,3,2,2
1,"harfbuzz-1.3.2","entropic",7448,2202,2,13,9,5,15,5,8,10,7
1,"libjpeg-turbo-07-2017","entropic",1832,630,2,10,4,2,17.5,2,1,3,9
1,"libpcap_fuzz_both","entropic",3493,1136,2,19,6,13,21,10,9,6,3
1,"libpng-1.2.56","entropic",889,408,3,10,23,4,9.5,6,5,4,1
1,"libxslt_xpath","entropic",10506,1889,2,12,6,15,13,1,2,1,11
1,"mbedtls_fuzz_dtlsclient","entropic",3801,290,2,24,2,11,23,11,11,9,6
1,"vorbis-2017-12-11","entropic",1367,119,2,18,20,8,19,8,6,8,4
1,"woff2-2016-05-06","entropic",1246,187,1,21,24,14,20,9,10,11,5
1,"zlib_zlib_uncompress_fuzzer","entropic",472,117,1.5,17,20,17,14,4,3,2,2
2,"harfbuzz-1.3.2","entropic",7442,1895,2,18,22,20,17,5,8,10,7
2,"libjpeg-turbo-07-2017","entropic",1855,581,2,12,8,13,10,2,1,3,9
2,"libpcap_fuzz_both","entropic",3177,1495,2,9,17,12,12,10,9,6,3
2,"libpng-1.2.56","entropic",965,753,1,1,22,8,1,6,5,4,1
2,"libxslt_xpath","entropic",10549,1828,2,13,17,9,12,1,2,1,11
2,"mbedtls_fuzz_dtlsclient","entropic",3405,546,3,10,19,12,11,11,11,9,6
2,"vorbis-2017-12-11","entropic",1347,124,4,16,12,21,16,8,6,8,4
2,"woff2-2016-05-06","entropic",1235,224,1,18,2,20,21,9,10,11,5
2,"zlib_zlib_uncompress_fuzzer","entropic",471,156,1,12,2,8,14,4,3,2,2
3,"harfbuzz-1.3.2","entropic",7306,1852,2,17,3,7,18.5,5,8,10,7
3,"libjpeg-turbo-07-2017","entropic",2073,560,1,18,2,17,20,2,1,3,9
3,"libpcap_fuzz_both","entropic",3331,1391,2,12,10,19,18,10,9,6,3
3,"libpng-1.2.56","entropic",926,547,2,3,20,1,4.5,6,5,4,1
3,"libxslt_xpath","entropic",11311,1220,2,22,13,17,22,1,2,1,11
3,"mbedtls_fuzz_dtlsclient","entropic",1637,413,1,1,6,1,1,11,11,9,6
3,"vorbis-2017-12-11","entropic",1368,70,3,23,11,18,23,8,6,8,4
3,"woff2-2016-05-06","entropic",1238,154,2,23,4,7,23,9,10,11,5
3,"zlib_zlib_uncompress_fuzzer","entropic",472,120,1,16,13,7,18.5,4,3,2,2
4,"harfbuzz-1.3.2","entropic",7597,1301,2,23,1,13,24,5,8,10,7
4,"libjpeg-turbo-07-2017","entropic",2074,277,2,24,7,19,23,2,1,3,9
4,"libpcap_fuzz_both","entropic",3451,979,1,22,7,5,20,10,9,6,3
4,"libpng-1.2.56","entropic",922,486,1,7,14,10,2.5,6,5,4,1
4,"libxslt_xpath","entropic",10295,2032,2,10,7,23,10,1,2,1,11
4,"mbedtls_fuzz_dtlsclient","entropic",3537,622,2,13,17,21,13,11,11,9,6
4,"vorbis-2017-12-11","entropic",1317,170,4,12,19,9,12.5,8,6,8,4
4,"woff2-2016-05-06","entropic",1037,530,1,3,19,15,5.5,9,10,11,5
4,"zlib_zlib_uncompress_fuzzer","entropic",463,118,1,15,17,20,11,4,3,2,2
5,"harfbuzz-1.3.2","entropic",5551,2250,3,3,4,4,3,5,8,10,7
5,"libjpeg-turbo-07-2017","entropic",1911,775,2,8,16,18,6.5,2,1,3,9
5,"libpcap_fuzz_both","entropic",3629,921,1,23,3,9,24,10,9,6,3
5,"libpng-1.2.56","entropic",889,643,3,2,4,2,2.5,6,5,4,1
5,"libxslt_xpath","entropic",10843,1488,2,17,21,22,16,1,2,1,11
5,"mbedtls_fuzz_dtlsclient","entropic",2039,546,2,2,16,22,3,11,11,9,6
5,"vorbis-2017-12-11","entropic",1385,82,2,24,7,17,24,8,6,8,4
5,"woff2-2016-05-06","entropic",1232,304,1,12,22,13,16,9,10,11,5
5,"zlib_zlib_uncompress_fuzzer","entropic",472,37,2,24,6,14,23,4,3,2,2
6,"harfbuzz-1.3.2","entropic",7488,1872,2,19,20,8,20,5,8,10,7
6,"libjpeg-turbo-07-2017","entropic",1872,940,1,6,23,4,4.5,2,1,3,9
6,"libpcap_fuzz_both","entropic",3811,287,1,24,2,14,23,10,9,6,3
6,"libpng-1.2.56","entropic",910,187,3,19,8,21,22,6,5,4,1
6,"libxslt_xpath","entropic",9339,2725,2,2,9,24,2,1,2,1,11
6,"mbedtls_fuzz_dtlsclient","entropic",3673,370,1,19,3,19,21,11,11,9,6
6,"vorbis-2017-12-11","entropic",1342,186,3,13,10,15,11,8,6,8,4
6,"woff2-2016-05-06","entropic",1231,646,1,4,16,5,3,9,10,11,5
6,"zlib_zlib_uncompress_fuzzer","entropic",463,133,3,13,11,23,3,4,3,2,2
7,"harfbuzz-1.3.2","entropic",7615,1438,2,22,2,16,22,5,8,10,7
7,"libjpeg-turbo-07-2017","entropic",2020,663,2,14,19,5,11,2,1,3,9
7,"libpcap_fuzz_both","entropic",3382,998,1,20,8,16,19,10,9,6,3
7,"libpng-1.2.56","entropic",910,476,1.5,6,21,24,4.5,6,5,4,1
7,"libxslt_xpath","entropic",10724,1641,2,15,11,19,14,1,2,1,11
7,"mbedtls_fuzz_dtlsclient","entropic",3094,834,2,8,22,23,4,11,11,9,6
7,"vorbis-2017-12-11","entropic",1369,120,2,19,18,12,18,8,6,8,4
7,"woff2-2016-05-06","entropic",1220,526,1,5,5,4,4,9,10,11,5
7,"zlib_zlib_uncompress_fuzzer","entropic",471,161,2.5,11,14,12,7,4,3,2,2
8,"harfbuzz-1.3.2","entropic",6543,4070,2,2,18,1,2,5,8,10,7
8,"libjpeg-turbo-07-2017","entropic",2070,912,1,9,20,10,8.5,2,1,3,9
8,"libpcap_fuzz_both","entropic",2769,1271,3,4,20,8,6,10,9,6,3
8,"libpng-1.2.56","entropic",946,459,1,12,18,9,9.5,6,5,4,1
8,"libxslt_xpath","entropic",9020,2282,2,3,4,2,3,1,2,1,11
8,"mbedtls_fuzz_dtlsclient","entropic",3708,276,2,21,1,10,24,11,11,9,6
8,"vorbis-2017-12-11","entropic",1388,96,1,22,5,19,22,8,6,8,4
8,"woff2-2016-05-06","entropic",1236,315,1,11,13,12,10.5,9,10,11,5
8,"zlib_zlib_uncompress_fuzzer","entropic",463,239,2,3,10,2,5,4,3,2,2
9,"harfbuzz-1.3.2","entropic",7322,2083,2,12,11,18,11,5,8,10,7
9,"libjpeg-turbo-07-2017","entropic",1857,960,1,5,3,16,4.5,2,1,3,9
9,"libpcap_fuzz_both","entropic",3182,874,1,18,19,21,10,10,9,6,3
9,"libpng-1.2.56","entropic",952,207,1,21,9,13,20.5,6,5,4,1
9,"libxslt_xpath","entropic",10650,1618,2,14,16,8,15,1,2,1,11
9,"mbedtls_fuzz_dtlsclient","entropic",2389,777,2,6,15,2,7,11,11,9,6
9,"vorbis-2017-12-11","entropic",1380,135,1,17,13,16,17,8,6,8,4
9,"woff2-2016-05-06","entropic",1197,316,1,10,20,24,7,9,10,11,5
9,"zlib_zlib_uncompress_fuzzer","entropic",463,100,2,18,19,15,18.5,4,3,2,2
10,"harfbuzz-1.3.2","entropic",7217,2731,2,7,24,23,6,5,8,10,7
10,"libjpeg-turbo-07-2017","entropic",2072,444,2,21,18,15,22,2,1,3,9
10,"libpcap_fuzz_both","entropic",3455,1043,2,21,1,10,22,10,9,6,3
10,"libpng-1.2.56","entropic",892,108,2,23,5,17,23.5,6,5,4,1
10,"libxslt_xpath","entropic",10900,1543,2,18,14,16,17,1,2,1,11
10,"mbedtls_fuzz_dtlsclient","entropic",3813,361,2,23,5,9,22,11,11,9,6
10,"vorbis-2017-12-11","entropic",1370,164,2,15,17,11,14,8,6,8,4
10,"woff2-2016-05-06","entropic",1234,300,1,13,1,9,9,9,10,11,5
10,"zlib_zlib_uncompress_fuzzer","entropic",465,132,2,14,22,21,9,4,3,2,2
11,"harfbuzz-1.3.2","entropic",7502,2223,2,14,23,9,14,5,8,10,7
11,"libjpeg-turbo-07-2017","entropic",2057,490,2,19,12,21,17.5,2,1,3,9
11,"libpcap_fuzz_both","entropic",3113,1029,2,15,15,7,14,10,9,6,3
11,"libpng-1.2.56","entropic",929,407,1,15,16,23,13.5,6,5,4,1
11,"libxslt_xpath","entropic",8295,4021,2,1,24,7,1,1,2,1,11
11,"mbedtls_fuzz_dtlsclient","entropic",3794,496,2,18,4,15,19.5,11,11,9,6
11,"vorbis-2017-12-11","entropic",1282,474,2,3,6,2,3,8,6,8,4
11,"woff2-2016-05-06","entropic",1166,298,2,8,15,6,10.5,9,10,11,5
11,"zlib_zlib_uncompress_fuzzer","entropic",471,200,1,4,4,13,3,4,3,2,2
12,"harfbuzz-1.3.2","entropic",7800,2104,2,21,17,12,21,4,7,9,7
12,"libjpeg-turbo-07-2017","entropic",968,968,1,1,24,24,24,11,11,11,11
12,"libpcap_fuzz_both","entropic",2475,1255,2,2,4,11,2,9,8,5,3
12,"libpng-1.2.56","entropic",949,465,1,11,2,15,13.5,5,4,3,1
12,"libxslt_xpath","entropic",10387,1941,2,11,1,1,11,1,1,1,10
12,"mbedtls_fuzz_dtlsclient","entropic",3534,663,1,11,24,18,8,10,10,8,6
12,"vorbis-2017-12-11","entropic",1298,320,1,6,9,24,5.5,7,5,7,4
12,"woff2-2016-05-06","entropic",1248,116,1,24,23,19,24,8,9,10,5
12,"zlib_zlib_uncompress_fuzzer","entropic",471,166,2,9,18,5,12,3,2,2,2
13,"harfbuzz-1.3.2","entropic",7490,1866,2,20,5,17,18.5,5,8,10,7
13,"libjpeg-turbo-07-2017","entropic",2046,386,2,23,13,20,21,2,1,3,9
13,"libpcap_fuzz_both","entropic",3268,1240,2,14,13,20,16,10,9,6,3
13,"libpng-1.2.56","entropic",924,467,1,8,24,6,6.5,6,5,4,1
13,"libxslt_xpath","entropic",8830,1671,2,6,19,5,4.5,1,2,1,11
13,"mbedtls_fuzz_dtlsclient","entropic",3456,483,2,14,11,8,14,11,11,9,6
13,"vorbis-2017-12-11","entropic",1339,142,4,14,8,22,15,8,6,8,4
13,"woff2-2016-05-06","entropic",1203,262,1,15,17,21,14,9,10,11,5
13,"zlib_zlib_uncompress_fuzzer","entropic",473,102,1.5,19,12,18,17,4,3,2,2
14,"harfbuzz-1.3.2","entropic",7190,4872,2,1,21,2,1,5,8,10,7
14,"libjpeg-turbo-07-2017","entropic",1824,860,2,7,10,9,6.5,2,1,3,9
14,"libpcap_fuzz_both","entropic",3248,1073,2,16,16,18,15,10,9,6,3
14,"libpng-1.2.56","entropic",893,108,1,24,7,20,23.5,6,5,4,1
14,"libxslt_xpath","entropic",11089,1393,2,21,8,12,21,1,2,1,11
14,"mbedtls_fuzz_dtlsclient","entropic",3676,357,2,20,8,20,19.5,11,11,9,6
14,"vorbis-2017-12-11","entropic",1310,269,4,8,24,6,8,8,6,8,4
14,"woff2-2016-05-06","entropic",1214,410,1,6,7,10,8,9,10,11,5
14,"zlib_zlib_uncompress_fuzzer","entropic",471,165,1.5,10,9,3,16,4,3,2,2
15,"harfbuzz-1.3.2","entropic",7409,2337,2,11,12,22,12,4,7,9,6
15,"libjpeg-turbo-07-2017","entropic",2048,445,2,20,22,23,12.5,2,1,2,8
15,"libpcap_fuzz_both","entropic",3114,1094,2,13,22,22,11,9,8,5,2
15,"libpng-1.2.56","entropic",903,165,3,20,3,16,20.5,5,4,3,1
15,"libxslt_xpath","entropic",10886,1380,2,19,12,10,19,1,2,1,10
15,"mbedtls_fuzz_dtlsclient","entropic",3462,565,2,12,20,4,12,10,10,8,5
15,"vorbis-2017-12-11","entropic",1380,101,2,21,14,20,21,7,5,7,3
15,"woff2-2016-05-06","entropic",1246,190,1,19,11,16,19,8,9,10,4
15,"zlib_zlib_uncompress_fuzzer","entropic",471,471,1.5,1,24,24,24,11,11,11,11
16,"harfbuzz-1.3.2","entropic",7320,2570,2,8,13,10,10,5,8,10,7
16,"libjpeg-turbo-07-2017","entropic",2080,634,1,16,11,11,14.5,2,1,3,9
16,"libpcap_fuzz_both","entropic",2917,1402,1,6,23,4,5,10,9,6,3
16,"libpng-1.2.56","entropic",895,349,2,16,12,19,17,6,5,4,1
16,"libxslt_xpath","entropic",11503,766,2,24,15,11,23,1,2,1,11
16,"mbedtls_fuzz_dtlsclient","entropic",2258,664,2,5,23,3,5.5,11,11,9,6
16,"vorbis-2017-12-11","entropic",1284,167,3,11,22,7,12.5,8,6,8,4
16,"woff2-2016-05-06","entropic",1227,368,1,7,14,8,12,9,10,11,5
16,"zlib_zlib_uncompress_fuzzer","entropic",472,86,1,22,5,4,21,4,3,2,2
17,"harfbuzz-1.3.2","entropic",6283,2942,4,4,15,3,5,5,8,10,7
17,"libjpeg-turbo-07-2017","entropic",1867,998,1,4,6,12,3,2,1,3,9
17,"libpcap_fuzz_both","entropic",3424,1151,1,17,12,17,17,10,9,6,3
17,"libpng-1.2.56","entropic",922,449,1,9,19,3,11,6,5,4,1
17,"libxslt_xpath","entropic",10973,1415,2,20,20,13,20,1,2,1,11
17,"mbedtls_fuzz_dtlsclient","entropic",3691,517,1.5,16,7,6,17,11,11,9,6
17,"vorbis-2017-12-11","entropic",1308,283,2,7,23,1,7,8,6,8,4
17,"woff2-2016-05-06","entropic",1210,274,2,14,10,18,15,9,10,11,5
17,"zlib_zlib_uncompress_fuzzer","entropic",471,347,1,2,15,1,1,4,3,2,2
18,"harfbuzz-1.3.2","entropic",7829,1388,2,24,6,14,23,5,8,10,7
18,"libjpeg-turbo-07-2017","entropic",2065,563,1,17,9,7,19,2,1,3,9
18,"libpcap_fuzz_both","entropic",2559,1238,3,3,11,15,3,10,9,6,3
18,"libpng-1.2.56","entropic",891,246,2,18,11,22,18,6,5,4,1
18,"libxslt_xpath","entropic",10745,1396,2,16,10,21,18,1,2,1,11
18,"mbedtls_fuzz_dtlsclient","entropic",3628,520,2,15,10,7,16,11,11,9,6
18,"vorbis-2017-12-11","entropic",1302,618,1,2,1,4,1,8,6,8,4
18,"woff2-2016-05-06","entropic",1243,186,1,20,9,11,17,9,10,11,5
18,"zlib_zlib_uncompress_fuzzer","entropic",473,181,1.5,7,16,9,9,4,3,2,2
19,"harfbuzz-1.3.2","entropic",7380,1971,2,16,7,11,16,5,8,10,7
19,"libjpeg-turbo-07-2017","entropic",970,686,1,2,1,1,2,2,1,3,9
19,"libpcap_fuzz_both","entropic",2795,1057,2,10,9,23,7,10,9,6,3
19,"libpng-1.2.56","entropic",904,509,2,5,6,7,8,6,5,4,1
19,"libxslt_xpath","entropic",9642,2603,2,4,2,18,6,1,2,1,11
19,"mbedtls_fuzz_dtlsclient","entropic",3435,783,2,9,18,14,10,11,11,9,6
19,"vorbis-2017-12-11","entropic",1266,303,4,5,4,14,4,8,6,8,4
19,"woff2-2016-05-06","entropic",1034,1007,1,1,6,1,1.5,9,10,11,5
19,"zlib_zlib_uncompress_fuzzer","entropic",472,89,1.5,21,1,19,14,4,3,2,2
20,"harfbuzz-1.3.2","entropic",7361,2046,2,15,10,19,9,5,8,10,7
20,"libjpeg-turbo-07-2017","entropic",2069,713,2,13,15,8,12.5,2,1,3,9
20,"libpcap_fuzz_both","entropic",3108,1485,1,8,21,6,13,10,9,6,3
20,"libpng-1.2.56","entropic",937,425,1,14,17,5,13.5,6,5,4,1
20,"libxslt_xpath","entropic",10248,2644,2,7,23,6,8,1,2,1,11
20,"mbedtls_fuzz_dtlsclient","entropic",2032,455,3,4,21,16,5.5,11,11,9,6
20,"vorbis-2017-12-11","entropic",1291,246,3,9,15,5,10,8,6,8,4
20,"woff2-2016-05-06","entropic",1235,287,1,16,18,22,13,9,10,11,5
20,"zlib_zlib_uncompress_fuzzer","entropic",472,191,1,5,3,11,6,4,3,2,2
21,"harfbuzz-1.3.2","entropic",7269,2416,2,9,16,6,8,5,8,10,7
21,"libjpeg-turbo-07-2017","entropic",2026,386,2,22,21,22,16,2,1,3,9
21,"libpcap_fuzz_both","entropic",2954,1377,2,7,14,24,4,10,9,6,3
21,"libpng-1.2.56","entropic",906,332,3,17,1,14,16,6,5,4,1
21,"libxslt_xpath","entropic",8948,1903,3,5,3,4,4.5,1,2,1,11
21,"mbedtls_fuzz_dtlsclient","entropic",3818,379,2,22,9,17,18,11,11,9,6
21,"vorbis-2017-12-11","entropic",1363,279,2,10,3,23,9,8,6,8,4
21,"woff2-2016-05-06","entropic",1204,333,1,9,21,23,5.5,9,10,11,5
21,"zlib_zlib_uncompress_fuzzer","entropic",463,174,2.5,6,23,22,3,4,3,2,2
22,"harfbuzz-1.3.2","entropic",7475,2543,2,10,8,15,13,5,8,10,7
22,"libjpeg-turbo-07-2017","entropic",1851,595,3,11,14,14,8.5,2,1,3,9
22,"libpcap_fuzz_both","entropic",2188,1050,2,1,5,2,1,10,9,6,3
22,"libpng-1.2.56","entropic",922,418,2,13,15,12,13.5,6,5,4,1
22,"libxslt_xpath","entropic",9261,1637,2,8,5,3,7,1,2,1,11
22,"mbedtls_fuzz_dtlsclient","entropic",3726,544,1,17,13,13,15,11,11,9,6
22,"vorbis-2017-12-11","entropic",1359,102,3,20,21,13,20,8,6,8,4
22,"woff2-2016-05-06","entropic",1047,887,1,2,3,2,1.5,9,10,11,5
22,"zlib_zlib_uncompress_fuzzer","entropic",472,97,1,20,7,10,20,4,3,2,2
23,"harfbuzz-1.3.2","entropic",7291,3119,2,5,19,24,4,5,8,10,7
23,"libjpeg-turbo-07-2017","entropic",1854,1566,1,3,5,3,1,2,1,3,9
23,"libpcap_fuzz_both","entropic",3144,1305,2,11,18,3,9,10,9,6,3
23,"libpng-1.2.56","entropic",932,541,1,4,13,11,6.5,6,5,4,1
23,"libxslt_xpath","entropic",11484,812,2,23,18,20,24,1,2,1,11
23,"mbedtls_fuzz_dtlsclient","entropic",2030,461,3,3,14,24,2,11,11,9,6
23,"vorbis-2017-12-11","entropic",792,199,3,1,2,10,2,8,6,8,4
23,"woff2-2016-05-06","entropic",1235,264,1,17,8,17,18,9,10,11,5
23,"zlib_zlib_uncompress_fuzzer","entropic",463,161,2,8,8,6,9,4,3,2,2
0,"freetype2-2017","afl",16030,1716,3,16,12,12,16,3,4,7,8
0,"sqlite3_ossfuzz","afl",11469,2958,3,2,5,3,4,7,7,5,10
1,"freetype2-2017","afl",16131,1482,3,18,2,20,17,3,4,7,8
1,"sqlite3_ossfuzz","afl",13610,2802,3,4,3,5,6,7,7,5,10
2,"freetype2-2017","afl",16300,1272,3,19,13,11,22,3,4,7,8
2,"sqlite3_ossfuzz","afl",16841,1421,3,15,20,17,16,7,7,5,10
3,"freetype2-2017","afl",14168,3276,2,6,7,3,4,3,4,7,8
3,"sqlite3_ossfuzz","afl",17549,1343,3,17,19,9,17,7,7,5,10
4,"freetype2-2017","afl",13870,3063,2.5,4,24,24,5,3,4,7,8
4,"sqlite3_ossfuzz","afl",13630,2407,3,6,7,10,3,7,7,5,10
5,"freetype2-2017","afl",14212,3351,3,5,10,19,6,3,4,7,8
5,"sqlite3_ossfuzz","afl",14908,2433,3,9,22,4,8.5,7,7,5,10
6,"freetype2-2017","afl",16518,1175,3,22,1,9,21,3,4,7,8
6,"sqlite3_ossfuzz","afl",15754,1885,3,11,21,7,11,7,7,5,10
7,"freetype2-2017","afl",15601,2314,3,10,21,10,10,3,4,7,8
7,"sqlite3_ossfuzz","afl",13758,2800,4,5,6,6,5,7,7,5,10
8,"freetype2-2017","afl",15884,1912,3,13,3,14,13,3,4,7,8
8,"sqlite3_ossfuzz","afl",18846,727,3,21,13,15,21,7,7,5,10
9,"freetype2-2017","afl",16461,969,3,24,8,4,24,3,4,7,8
9,"sqlite3_ossfuzz","afl",11703,2652,4,3,1,20,7,7,7,5,10
10,"freetype2-2017","afl",14952,2662,3,7,9,2,8,3,4,7,8
10,"sqlite3_ossfuzz","afl",15434,1928,3,10,9,2,10,7,7,5,10
11,"freetype2-2017","afl",12164,3508,3,2,5,1,2,3,4,7,8
11,"sqlite3_ossfuzz","afl",17818,1104,3,18,8,13,18,7,7,5,10
12,"freetype2-2017","afl",15936,1941,3,14,18,7,14,2,3,6,8
12,"sqlite3_ossfuzz","afl",19781,363,3,24,18,14,24,6,6,4,9
13,"freetype2-2017","afl",16409,1267,3,21,16,13,20,3,4,7,8
13,"sqlite3_ossfuzz","afl",18408,1090,3,20,14,19,20,7,7,5,10
14,"freetype2-2017","afl",16078,1515,3,17,4,8,18,3,4,7,8
14,"sqlite3_ossfuzz","afl",13378,2103,3,7,24,23,2,7,7,5,10
15,"freetype2-2017","afl",12677,3423,3,3,17,22,3,3,3,6,7
15,"sqlite3_ossfuzz","afl",18019,1147,3,19,11,21,19,6,6,4,9
16,"freetype2-2017","afl",15143,2168,3,9,23,18,9,3,4,7,8
16,"sqlite3_ossfuzz","afl",19046,696,3,22,12,16,22,7,7,5,10
17,"freetype2-2017","afl",15841,1642,3,15,11,23,15,3,4,7,8
17,"sqlite3_ossfuzz","afl",15981,1625,3,12,10,11,13,7,7,5,10
18,"freetype2-2017","afl",15635,2121,3,11,20,6,11,3,4,7,8
18,"sqlite3_ossfuzz","afl",8785,2969,4,1,2,1,1,7,7,5,10
19,"freetype2-2017","afl",15728,1951,3,12,22,5,12,3,4,7,8
19,"sqlite3_ossfuzz","afl",16900,1496,3,14,17,12,14,7,7,5,10
20,"freetype2-2017","afl",16437,1349,3,20,14,17,19,3,4,7,8
20,"sqlite3_ossfuzz","afl",17471,1348,3,16,23,24,15,7,7,5,10
21,"freetype2-2017","afl",16507,1119,3,23,15,15,23,3,4,7,8
21,"sqlite3_ossfuzz","afl",14222,2288,3,8,4,8,8.5,7,7,5,10
22,"freetype2-2017","afl",15032,2462,3,8,6,16,7,3,4,7,8
22,"sqlite3_ossfuzz","afl",16343,1620,3,13,15,22,12,7,7,5,10
23,"freetype2-2017","afl",11139,4076,3,1,19,21,1,3,4,7,8
23,"sqlite3_ossfuzz","afl",19630,399,3,23,16,18,23,7,7,5,10
0,"freetype2-2017","libfuzzer",15423,1108,4,16,12,12,16,3,4,7,8
0,"sqlite3_ossfuzz","libfuzzer",11368,2857,4,2,5,3,4,7,7,5,10
1,"freetype2-2017","libfuzzer",15751,1104,4,18,2,20,17,3,4,7,8
1,"sqlite3_ossfuzz","libfuzzer",12742,1884,4,4,3,5,6,7,7,5,10
2,"freetype2-2017","libfuzzer",16056,1028,4,19,13,11,22,3,4,7,8
2,"sqlite3_ossfuzz","libfuzzer",16161,763,4,14,20,17,16,7,7,5,10
3,"freetype2-2017","libfuzzer",13318,2426,4,6,7,3,4,3,4,7,8
3,"sqlite3_ossfuzz","libfuzzer",17002,788,4,17,19,9,17,7,7,5,10
4,"freetype2-2017","libfuzzer",12943,2136,4,4,24,24,5,3,4,7,8
4,"sqlite3_ossfuzz","libfuzzer",13130,1887,4,6,7,10,3,7,7,5,10
5,"freetype2-2017","libfuzzer",13241,2381,4,5,10,19,6,3,4,7,8
5,"sqlite3_ossfuzz","libfuzzer",14666,2174,4,9,22,4,8.5,7,7,5,10
6,"freetype2-2017","libfuzzer",16273,934,4,22,1,9,21,3,4,7,8
6,"sqlite3_ossfuzz","libfuzzer",14952,1076,4,11,21,7,11,7,7,5,10
7,"freetype2-2017","libfuzzer",15152,1865,4,10,21,10,10,3,4,7,8
7,"sqlite3_ossfuzz","libfuzzer",13951,3001,3,5,6,6,5,7,7,5,10
8,"freetype2-2017","libfuzzer",15309,1338,4,13,3,14,13,3,4,7,8
8,"sqlite3_ossfuzz","libfuzzer",18639,557,4,21,13,15,21,7,7,5,10
9,"freetype2-2017","libfuzzer",16358,861,4,24,8,4,24,3,4,7,8
9,"sqlite3_ossfuzz","libfuzzer",12083,3032,3,3,1,20,7,7,7,5,10
10,"freetype2-2017","libfuzzer",13972,1677,4,7,9,2,8,3,4,7,8
10,"sqlite3_ossfuzz","libfuzzer",15140,1624,4,10,9,2,10,7,7,5,10
11,"freetype2-2017","libfuzzer",12044,3388,4,2,5,1,2,3,4,7,8
11,"sqlite3_ossfuzz","libfuzzer",17688,966,4,18,8,13,18,7,7,5,10
12,"freetype2-2017","libfuzzer",15351,1355,4,14,18,7,14,2,3,6,8
12,"sqlite3_ossfuzz","libfuzzer",19706,300,4,24,18,14,24,6,6,4,9
13,"freetype2-2017","libfuzzer",16083,946,4,21,16,13,20,3,4,7,8
13,"sqlite3_ossfuzz","libfuzzer",17897,574,4,20,14,19,20,7,7,5,10
14,"freetype2-2017","libfuzzer",15671,1114,4,17,4,8,18,3,4,7,8
14,"sqlite3_ossfuzz","libfuzzer",13147,1805,4,7,24,23,2,7,7,5,10
15,"freetype2-2017","libfuzzer",11466,2212,4,3,17,22,3,3,3,6,7
15,"sqlite3_ossfuzz","libfuzzer",17552,706,4,19,11,21,19,6,6,4,9
16,"freetype2-2017","libfuzzer",14371,1396,4,9,23,18,9,3,4,7,8
16,"sqlite3_ossfuzz","libfuzzer",18873,551,4,22,12,16,22,7,7,5,10
17,"freetype2-2017","libfuzzer",15413,1210,4,15,11,23,15,3,4,7,8
17,"sqlite3_ossfuzz","libfuzzer",15634,1283,4,12,10,11,13,7,7,5,10
18,"freetype2-2017","libfuzzer",14779,1265,4,11,20,6,11,3,4,7,8
18,"sqlite3_ossfuzz","libfuzzer",11257,5442,3,1,2,1,1,7,7,5,10
19,"freetype2-2017","libfuzzer",15128,1346,4,12,22,5,12,3,4,7,8
19,"sqlite3_ossfuzz","libfuzzer",16128,724,4,15,17,12,14,7,7,5,10
20,"freetype2-2017","libfuzzer",16072,985,4,20,14,17,19,3,4,7,8
20,"sqlite3_ossfuzz","libfuzzer",16836,709,4,16,23,24,15,7,7,5,10
21,"freetype2-2017","libfuzzer",16203,816,4,23,15,15,23,3,4,7,8
21,"sqlite3_ossfuzz","libfuzzer",13941,2051,4,8,4,8,8.5,7,7,5,10
22,"freetype2-2017","libfuzzer",14251,1682,4,8,6,16,7,3,4,7,8
22,"sqlite3_ossfuzz","libfuzzer",15668,941,4,13,15,22,12,7,7,5,10
23,"freetype2-2017","libfuzzer",10047,2984,4,1,19,21,1,3,4,7,8
23,"sqlite3_ossfuzz","libfuzzer",19522,260,4,23,16,18,23,7,7,5,10
0,"freetype2-2017","aflplusplus",17220,2906,1,16,12,12,16,3,4,7,8
0,"sqlite3_ossfuzz","aflplusplus",16628,8117,1,2,5,3,4,7,7,5,10
1,"freetype2-2017","aflplusplus",17391,2743,1,18,2,20,17,3,4,7,8
1,"sqlite3_ossfuzz","aflplusplus",18321,7488,1,4,3,5,6,7,7,5,10
2,"freetype2-2017","aflplusplus",17428,2401,1,19,13,11,22,3,4,7,8
2,"sqlite3_ossfuzz","aflplusplus",19424,4019,1,15,20,17,16,7,7,5,10
3,"freetype2-2017","aflplusplus",16684,5792,1,6,7,3,4,3,4,7,8
3,"sqlite3_ossfuzz","aflplusplus",19472,3258,1,17,19,9,17,7,7,5,10
4,"freetype2-2017","aflplusplus",16282,5474,1,4,24,24,5,3,4,7,8
4,"sqlite3_ossfuzz","aflplusplus",16868,5618,1,6,7,10,3,7,7,5,10
5,"freetype2-2017","aflplusplus",16807,5946,1,5,10,19,6,3,4,7,8
5,"sqlite3_ossfuzz","aflplusplus",17457,4964,1,9,22,4,8.5,7,7,5,10
6,"freetype2-2017","aflplusplus",17567,2228,1,22,1,9,21,3,4,7,8
6,"sqlite3_ossfuzz","aflplusplus",18381,4454,1,11,21,7,11,7,7,5,10
7,"freetype2-2017","aflplusplus",17238,3950,1,10,21,10,10,3,4,7,8
7,"sqlite3_ossfuzz","aflplusplus",17213,6244,1,5,6,6,5,7,7,5,10
8,"freetype2-2017","aflplusplus",17396,3425,1,13,3,14,13,3,4,7,8
8,"sqlite3_ossfuzz","aflplusplus",20226,2121,1,21,13,15,21,7,7,5,10
9,"freetype2-2017","aflplusplus",17516,2020,1,24,8,4,24,3,4,7,8
9,"sqlite3_ossfuzz","aflplusplus",16334,7283,1,3,1,20,7,7,7,5,10
10,"freetype2-2017","aflplusplus",16617,4322,1,7,9,2,8,3,4,7,8
10,"sqlite3_ossfuzz","aflplusplus",18338,4831,1,10,9,2,10,7,7,5,10
11,"freetype2-2017","aflplusplus",15773,7117,1,2,5,1,2,3,4,7,8
11,"sqlite3_ossfuzz","aflplusplus",19266,2563,1,18,8,13,18,7,7,5,10
12,"freetype2-2017","aflplusplus",17298,3302,1,14,18,7,14,2,3,6,8
12,"sqlite3_ossfuzz","aflplusplus",20661,1248,1,24,18,14,24,6,6,4,9
13,"freetype2-2017","aflplusplus",17425,2289,1,21,16,13,20,3,4,7,8
13,"sqlite3_ossfuzz","aflplusplus",20147,2820,1,20,14,19,20,7,7,5,10
14,"freetype2-2017","aflplusplus",17316,2758,1,17,4,8,18,3,4,7,8
14,"sqlite3_ossfuzz","aflplusplus",16759,5415,1,7,24,23,2,7,7,5,10
15,"freetype2-2017","aflplusplus",15524,6270,1,3,17,22,3,3,3,6,7
15,"sqlite3_ossfuzz","aflplusplus",19760,2899,1,19,11,21,19,6,6,4,9
16,"freetype2-2017","aflplusplus",17105,4131,1,9,23,18,9,3,4,7,8
16,"sqlite3_ossfuzz","aflplusplus",20506,2189,1,22,12,16,22,7,7,5,10
17,"freetype2-2017","aflplusplus",17230,3026,1,15,11,23,15,3,4,7,8
17,"sqlite3_ossfuzz","aflplusplus",18762,4399,1,12,10,11,13,7,7,5,10
18,"freetype2-2017","aflplusplus",17217,3704,1,11,20,6,11,3,4,7,8
18,"sqlite3_ossfuzz","aflplusplus",12759,6944,1,1,2,1,1,7,7,5,10
19,"freetype2-2017","aflplusplus",17203,3420,1,12,22,5,12,3,4,7,8
19,"sqlite3_ossfuzz","aflplusplus",19157,3753,1,14,17,12,14,7,7,5,10
20,"freetype2-2017","aflplusplus",17519,2431,1,20,14,17,19,3,4,7,8
20,"sqlite3_ossfuzz","aflplusplus",19359,3225,1,16,23,24,15,7,7,5,10
21,"freetype2-2017","aflplusplus",17528,2141,1,23,15,15,23,3,4,7,8
21,"sqlite3_ossfuzz","aflplusplus",18235,6334,1,8,4,8,8.5,7,7,5,10
22,"freetype2-2017","aflplusplus",17043,4474,1,8,6,16,7,3,4,7,8
22,"sqlite3_ossfuzz","aflplusplus",18838,4120,1,13,15,22,12,7,7,5,10
23,"freetype2-2017","aflplusplus",14734,7671,1,1,19,21,1,3,4,7,8
23,"sqlite3_ossfuzz","aflplusplus",20555,1280,1,23,16,18,23,7,7,5,10
0,"freetype2-2017","entropic",16365,2050,2,16,12,12,16,3,4,7,8
0,"sqlite3_ossfuzz","entropic",12765,4254,2,2,5,3,4,7,7,5,10
1,"freetype2-2017","entropic",16552,1904,2,18,2,20,17,3,4,7,8
1,"sqlite3_ossfuzz","entropic",14375,3548,2,4,3,5,6,7,7,5,10
2,"freetype2-2017","entropic",16759,1731,2,19,13,11,22,3,4,7,8
2,"sqlite3_ossfuzz","entropic",17897,2496,2,14,20,17,16,7,7,5,10
3,"freetype2-2017","entropic",13979,3087,3,6,7,3,4,3,4,7,8
3,"sqlite3_ossfuzz","entropic",18385,2170,2,17,19,9,17,7,7,5,10
4,"freetype2-2017","entropic",13870,3063,2.5,4,24,24,5,3,4,7,8
4,"sqlite3_ossfuzz","entropic",14987,3862,2,6,7,10,3,7,7,5,10
5,"freetype2-2017","entropic",14992,4131,2,5,10,19,6,3,4,7,8
5,"sqlite3_ossfuzz","entropic",16290,3993,2,9,22,4,8.5,7,7,5,10
6,"freetype2-2017","entropic",16843,1504,2,22,1,9,21,3,4,7,8
6,"sqlite3_ossfuzz","entropic",16968,3102,2,11,21,7,11,7,7,5,10
7,"freetype2-2017","entropic",15805,2517,2,10,21,10,10,3,4,7,8
7,"sqlite3_ossfuzz","entropic",14933,3984,2,5,6,6,5,7,7,5,10
8,"freetype2-2017","entropic",16181,2209,2,13,3,14,13,3,4,7,8
8,"sqlite3_ossfuzz","entropic",19511,1396,2,21,13,15,21,7,7,5,10
9,"freetype2-2017","entropic",16816,1319,2,24,8,4,24,3,4,7,8
9,"sqlite3_ossfuzz","entropic",13458,4407,2,3,1,20,7,7,7,5,10
10,"freetype2-2017","entropic",15179,2884,2,7,9,2,8,3,4,7,8
10,"sqlite3_ossfuzz","entropic",16852,3349,2,10,9,2,10,7,7,5,10
11,"freetype2-2017","entropic",12300,3644,2,2,5,1,2,3,4,7,8
11,"sqlite3_ossfuzz","entropic",18826,2112,2,18,8,13,18,7,7,5,10
12,"freetype2-2017","entropic",16033,2037,2,14,18,7,14,2,3,6,8
12,"sqlite3_ossfuzz","entropic",20301,887,2,24,18,14,24,6,6,4,9
13,"freetype2-2017","entropic",16820,1683,2,21,16,13,20,3,4,7,8
13,"sqlite3_ossfuzz","entropic",19412,2091,2,20,14,19,20,7,7,5,10
14,"freetype2-2017","entropic",16356,1799,2,17,4,8,18,3,4,7,8
14,"sqlite3_ossfuzz","entropic",15290,4028,2,7,24,23,2,7,7,5,10
15,"freetype2-2017","entropic",12966,3712,2,3,17,22,3,3,3,6,7
15,"sqlite3_ossfuzz","entropic",18964,2094,2,19,11,21,19,6,6,4,9
16,"freetype2-2017","entropic",15497,2522,2,9,23,18,9,3,4,7,8
16,"sqlite3_ossfuzz","entropic",19784,1453,2,22,12,16,22,7,7,5,10
17,"freetype2-2017","entropic",16135,1932,2,15,11,23,15,3,4,7,8
17,"sqlite3_ossfuzz","entropic",17437,3079,2,12,10,11,13,7,7,5,10
18,"freetype2-2017","entropic",16057,2544,2,11,20,6,11,3,4,7,8
18,"sqlite3_ossfuzz","entropic",11927,6112,2,1,2,1,1,7,7,5,10
19,"freetype2-2017","entropic",15947,2164,2,12,22,5,12,3,4,7,8
19,"sqlite3_ossfuzz","entropic",18326,2876,2,15,17,12,14,7,7,5,10
20,"freetype2-2017","entropic",16852,1765,2,20,14,17,19,3,4,7,8
20,"sqlite3_ossfuzz","entropic",17985,1850,2,16,23,24,15,7,7,5,10
21,"freetype2-2017","entropic",16806,1419,2,23,15,15,23,3,4,7,8
21,"sqlite3_ossfuzz","entropic",15732,3823,2,8,4,8,8.5,7,7,5,10
22,"freetype2-2017","entropic",15481,2911,2,8,6,16,7,3,4,7,8
22,"sqlite3_ossfuzz","entropic",17819,3084,2,13,15,22,12,7,7,5,10
23,"freetype2-2017","entropic",11439,4376,2,1,19,21,1,3,4,7,8
23,"sqlite3_ossfuzz","entropic",20234,978,2,23,16,18,23,7,7,5,10
